time,intensity,temperature
0.000299792458,2.055179049965182e9,0.931446606006173
0.000599584916,3.9681978934424524e9,0.8676351660440219
0.000899377374,5.748307861364147e9,0.8082570889637207
0.001199169832,7.403981372683442e9,0.753029765289044
0.00149896229,8.942928770586353e9,0.7016960056551405
0.001798754748,1.0372106612791466e10,0.6540237642739009
0.002098547206,1.1697717652117067e10,0.6098061395821682
0.002398339664,1.2925203659732767e10,0.5688616136322959
0.0026981321219999997,1.405923391846392e10,0.5310344359141975
0.00299792458,1.51036950222343e10,0.4961949636093145
0.0032977170379999998,1.6061691954974104e10,0.46423962560211873
0.003597509496,1.6935576471709854e10,0.4350899757888552
0.0038973019540000002,1.7727026014825005e10,0.40869006071443564
0.004197094412,1.8437202562406635e10,0.3850011209619343
0.004496886869999999,1.9067020936986217e10,0.3639926413363533
0.004796679328,1.961754214712468e10,0.34562923040163046
0.005096471786,2.0090471040064884e10,0.32985402057496416
0.0053962642439999995,2.048867897928318e10,0.31657123348035693
0.005696056702,2.0816611762227367e10,0.30563257327749793
0.00599584916,2.1080423463809433e10,0.2968327621234073
0.0062956416179999995,2.1287738585632893e10,0.2899174740202136
0.0065954340759999995,2.1447079390377308e10,0.284602436883942
0.0068952265339999996,2.156712879377308e10,0.28059801982166316
0.007195018992,2.165604594739434e10,0.277632062832136
0.00749481145,2.1720991485651516e10,0.27546571286154486
0.0077946039080000005,2.176790878337027e10,0.27390072026527507
0.008094396366,2.1801518022666393e10,0.2727796367156642
0.008394188824,2.1825442917685837e10,0.27198158811967704
0.008693981282,2.1842395413508804e10,0.2714161137266233
0.008993773739999999,2.1854367296391132e10,0.2710167746984771
0.009293566198,2.1862801563396057e10,0.27073543783426146
0.009593358656,2.186873338900816e10,0.270537573429944
0.009893151114,2.1872900182968166e10,0.27039858414422935
0.010192943572,2.1875824625649746e10,0.27030103523652527
0.010492736030000002,2.1877875890192566e10,0.27023261241640145
0.010792528487999999,2.1879314077897747e10,0.27018463963834116
0.011092320946,2.1880322122491882e10,0.27015101489004484
0.011392113404,2.188102852603042e10,0.2701274518043272
0.011691905862,2.188152347693113e10,0.27011094201939095
0.01199169832,2.1881870235012413e10,0.27009937541482737
0.012291490778,2.1882113153000584e10,0.2700912725429342
0.012591283235999999,2.1882283318206795e10,0.2700855964426298
0.012891075694,2.188240251551316e10,0.270081620448465
0.013190868151999999,2.188248600875439e10,0.2700788354137184
0.01349066061,2.188254449161889e10,0.2700768846353402
0.013790453067999999,2.188258545545813e10,0.270075518228743
0.014090245526,2.188261414799566e10,0.2700745611487111
0.014390037984,2.188263424515444e10,0.27007389077965266
0.014689830442000002,2.1882648321779663e10,0.27007342123397715
0.0149896229,2.18826581814219e10,0.2700730923517129
0.015289415358000002,2.1882665087363033e10,0.27007286199431235
0.015589207816000001,2.1882669924450733e10,0.2700727006464341
0.015889000274,2.1882673312460182e10,0.2700725876346035
0.016188792732,2.1882675685499626e10,0.27007250847852804
0.01648858519,2.188267734763e10,0.2700724530358266
0.016788377648,2.188267851182322e10,0.2700724142025209
0.017088170106,2.188267932724994e10,0.2700723870028134
0.017387962564,2.1882679898392776e10,0.27007236795153894
0.017687755022000002,2.1882680298433758e10,0.27007235460760814
0.017987547479999998,2.1882680578631218e10,0.2700723452612269
0.018287339938,2.188268077488764e10,0.2700723387148173
0.018587132396,2.1882680912349926e10,0.2700723341295691
0.018886924854000002,2.1882681008631504e10,0.27007233091796135
0.019186717312,2.1882681076069218e10,0.2700723286684813
0.01948650977,2.188268112330406e10,0.27007232709289647
0.019786302228,2.188268115638838e10,0.2700723259893225
0.020086094686,2.188268117956135e10,0.2700723252163553
0.020385887144,2.1882681195792206e10,0.2700723246749523
0.020685679602,2.188268120716065e10,0.2700723242957418
0.020985472060000003,2.1882681215123352e10,0.27007232403013454
0.021285264518,2.1882681220700603e10,0.2700723238440974
0.021585056975999998,2.1882681224607033e10,0.27007232371379297
0.021884849434,2.188268122734318e10,0.2700723236225249
0.022184641892,2.188268122925964e10,0.2700723235585988
0.022484434350000002,2.188268123060197e10,0.27007232351382354
0.022784226808,2.1882681231542168e10,0.27007232348246196
0.023084019265999997,2.1882681232200703e10,0.27007232346049564
0.023383811724,2.1882681232661953e10,0.27007232344510995
0.023683604182,2.1882681232985023e10,0.2700723234343335
0.02398339664,2.1882681233211308e10,0.27007232342678544
0.024283189098,2.1882681233369804e10,0.2700723234214986
0.024582981556,2.1882681233480816e10,0.2700723234177956
0.024882774014,2.188268123355857e10,0.27007232341520193
0.025182566471999998,2.1882681233613033e10,0.2700723234133853
0.02548235893,2.188268123365118e10,0.27007232341211285
0.025782151388,2.1882681233677902e10,0.2700723234112216
0.026081943846000002,2.1882681233696617e10,0.2700723234105974
0.026381736303999998,2.1882681233709724e10,0.27007232341016013
0.026681528762,2.1882681233718906e10,0.2700723234098539
0.02698132122,2.1882681233725338e10,0.2700723234096394
0.027281113678,2.188268123372984e10,0.2700723234094891
0.027580906135999998,2.1882681233732994e10,0.27007232340938386
0.027880698594,2.1882681233735207e10,0.27007232340931014
0.028180491052,2.1882681233736755e10,0.2700723234092585
0.02848028351,2.188268123373784e10,0.2700723234092224
0.028780075968,2.1882681233738598e10,0.27007232340919707
0.029079868425999997,2.1882681233739132e10,0.2700723234091793
0.029379660884000004,2.1882681233739502e10,0.27007232340916687
0.029679453342,2.1882681233739765e10,0.27007232340915815
0.0299792458,2.188268123373995e10,0.27007232340915205
0.030279038257999998,2.1882681233740078e10,0.2700723234091478
0.030578830716000004,2.1882681233740166e10,0.2700723234091448
0.030878623174000003,2.1882681233740227e10,0.2700723234091427
0.031178415632000002,2.1882681233740273e10,0.2700723234091413
0.03147820809,2.1882681233740303e10,0.2700723234091403
0.031778000548,2.1882681233740326e10,0.27007232340913956
0.032077793006,2.188268123374034e10,0.27007232340913906
0.032377585464,2.1882681233740353e10,0.27007232340913867
0.032677377922,2.1882681233740364e10,0.27007232340913845
0.03297717038,2.1882681233740368e10,0.2700723234091383
0.033276962837999996,2.188268123374037e10,0.27007232340913817
0.033576755296,2.188268123374037e10,0.27007232340913806
0.033876547754,2.188268123374037e10,0.270072323409138
0.034176340212,2.188268123374037e10,0.27007232340913795
0.03447613267,2.188268123374037e10,0.2700723234091379
0.034775925128,2.188268123374037e10,0.2700723234091379
0.035075717586000005,2.188268123374037e10,0.2700723234091379
0.035375510044000004,2.188268123374037e10,0.2700723234091379
0.035675302501999996,2.188268123374037e10,0.2700723234091379
0.035975094959999995,2.188268123374037e10,0.2700723234091379
0.036274887418,2.188268123374037e10,0.2700723234091379
0.036574679876,2.188268123374037e10,0.2700723234091379
0.036874472334,2.188268123374037e10,0.2700723234091379
0.037174264792,2.188268123374037e10,0.2700723234091379
0.03747405725,2.188268123374037e10,0.2700723234091379
0.037773849708000004,2.188268123374037e10,0.2700723234091379
0.038073642166,2.188268123374037e10,0.2700723234091379
0.038373434624,2.188268123374037e10,0.2700723234091379
0.038673227082,2.188268123374037e10,0.2700723234091379
0.03897301954,2.188268123374037e10,0.2700723234091379
0.039272811998,2.188268123374037e10,0.2700723234091379
0.039572604456,2.188268123374037e10,0.2700723234091379
0.039872396914,2.188268123374037e10,0.2700723234091379
0.040172189372,2.188268123374037e10,0.2700723234091379
0.040471981829999996,2.188268123374037e10,0.2700723234091379
0.040771774288,2.188268123374037e10,0.2700723234091379
0.041071566746,2.188268123374037e10,0.2700723234091379
0.041371359204,2.188268123374037e10,0.2700723234091379
0.041671151662,2.188268123374037e10,0.2700723234091379
0.041970944120000006,2.188268123374037e10,0.2700723234091379
0.042270736578,2.188268123374037e10,0.2700723234091379
0.042570529036,2.188268123374037e10,0.2700723234091379
0.042870321494,2.188268123374037e10,0.2700723234091379
0.043170113951999996,2.188268123374037e10,0.2700723234091379
0.04346990641,2.188268123374037e10,0.2700723234091379
0.043769698868,2.188268123374037e10,0.2700723234091379
0.044069491326,2.188268123374037e10,0.2700723234091379
0.044369283784,2.188268123374037e10,0.2700723234091379
0.044669076242,2.188268123374037e10,0.2700723234091379
0.044968868700000005,2.188268123374037e10,0.2700723234091379
0.045268661158000004,2.188268123374037e10,0.2700723234091379
0.045568453616,2.188268123374037e10,0.2700723234091379
0.045868246073999995,2.188268123374037e10,0.2700723234091379
0.046168038531999994,2.188268123374037e10,0.2700723234091379
0.04646783099,2.188268123374037e10,0.2700723234091379
0.046767623448,2.188268123374037e10,0.2700723234091379
0.047067415906,2.188268123374037e10,0.2700723234091379
0.047367208364,2.188268123374037e10,0.2700723234091379
0.047667000822000004,2.188268123374037e10,0.2700723234091379
0.04796679328,2.188268123374037e10,0.2700723234091379
0.048266585738,2.188268123374037e10,0.2700723234091379
0.048566378196,2.188268123374037e10,0.2700723234091379
0.048866170654,2.188268123374037e10,0.2700723234091379
0.049165963112,2.188268123374037e10,0.2700723234091379
0.04946575557,2.188268123374037e10,0.2700723234091379
0.049765548028,2.188268123374037e10,0.2700723234091379
0.050065340486,2.188268123374037e10,0.2700723234091379
0.050365132943999996,2.188268123374037e10,0.2700723234091379
0.050664925402,2.188268123374037e10,0.2700723234091379
0.05096471786,2.188268123374037e10,0.2700723234091379
0.051264510318,2.188268123374037e10,0.2700723234091379
0.051564302776,2.188268123374037e10,0.2700723234091379
0.051864095234,2.188268123374037e10,0.2700723234091379
0.052163887692000005,2.188268123374037e10,0.2700723234091379
0.05246368015,2.188268123374037e10,0.2700723234091379
0.052763472607999996,2.188268123374037e10,0.2700723234091379
0.053063265065999995,2.188268123374037e10,0.2700723234091379
0.053363057524,2.188268123374037e10,0.2700723234091379
0.053662849982,2.188268123374037e10,0.2700723234091379
0.05396264244,2.188268123374037e10,0.2700723234091379
0.054262434898,2.188268123374037e10,0.2700723234091379
0.054562227356,2.188268123374037e10,0.2700723234091379
0.054862019814000004,2.188268123374037e10,0.2700723234091379
0.055161812271999996,2.188268123374037e10,0.2700723234091379
0.05546160473,2.188268123374037e10,0.2700723234091379
0.055761397188,2.188268123374037e10,0.2700723234091379
0.056061189645999994,2.188268123374037e10,0.2700723234091379
0.056360982104,2.188268123374037e10,0.2700723234091379
0.05666077456199999,2.188268123374037e10,0.2700723234091379
0.05696056702,2.188268123374037e10,0.2700723234091379
0.057260359478000004,2.188268123374037e10,0.2700723234091379
0.057560151936,2.188268123374037e10,0.2700723234091379
0.057859944394,2.188268123374037e10,0.2700723234091379
0.058159736851999995,2.188268123374037e10,0.2700723234091379
0.05845952931,2.188268123374037e10,0.2700723234091379
0.05875932176800001,2.188268123374037e10,0.2700723234091379
0.059059114226,2.188268123374037e10,0.2700723234091379
0.059358906684,2.188268123374037e10,0.2700723234091379
0.05965869914199999,2.188268123374037e10,0.2700723234091379
0.0599584916,2.188268123374037e10,0.2700723234091379
0.060258284058,2.188268123374037e10,0.2700723234091379
0.060558076515999995,2.188268123374037e10,0.2700723234091379
0.060857868974,2.188268123374037e10,0.2700723234091379
0.06115766143200001,2.188268123374037e10,0.2700723234091379
0.06145745389,2.188268123374037e10,0.2700723234091379
0.061757246348000006,2.188268123374037e10,0.2700723234091379
0.062057038806,2.188268123374037e10,0.2700723234091379
0.062356831264000004,2.188268123374037e10,0.2700723234091379
0.06265662372200001,2.188268123374037e10,0.2700723234091379
0.06295641618,2.188268123374037e10,0.2700723234091379
0.06325620863800001,2.188268123374037e10,0.2700723234091379
0.063556001096,2.188268123374037e10,0.2700723234091379
0.063855793554,2.188268123374037e10,0.2700723234091379
0.064155586012,2.188268123374037e10,0.2700723234091379
0.06445537846999999,2.188268123374037e10,0.2700723234091379
0.064755170928,2.188268123374037e10,0.2700723234091379
0.06505496338599999,2.188268123374037e10,0.2700723234091379
0.065354755844,2.188268123374037e10,0.2700723234091379
0.065654548302,2.188268123374037e10,0.2700723234091379
0.06595434076,2.188268123374037e10,0.2700723234091379
0.066254133218,2.188268123374037e10,0.2700723234091379
0.06655392567599999,2.188268123374037e10,0.2700723234091379
0.066853718134,2.188268123374037e10,0.2700723234091379
0.067153510592,2.188268123374037e10,0.2700723234091379
0.06745330305,2.188268123374037e10,0.2700723234091379
0.067753095508,2.188268123374037e10,0.2700723234091379
0.068052887966,2.188268123374037e10,0.2700723234091379
0.068352680424,2.188268123374037e10,0.2700723234091379
0.068652472882,2.188268123374037e10,0.2700723234091379
0.06895226534,2.188268123374037e10,0.2700723234091379
0.069252057798,2.188268123374037e10,0.2700723234091379
0.069551850256,2.188268123374037e10,0.2700723234091379
0.069851642714,2.188268123374037e10,0.2700723234091379
0.07015143517200001,2.188268123374037e10,0.2700723234091379
0.07045122763,2.188268123374037e10,0.2700723234091379
0.07075102008800001,2.188268123374037e10,0.2700723234091379
0.071050812546,2.188268123374037e10,0.2700723234091379
0.07135060500399999,2.188268123374037e10,0.2700723234091379
0.071650397462,2.188268123374037e10,0.2700723234091379
0.07195018991999999,2.188268123374037e10,0.2700723234091379
0.072249982378,2.188268123374037e10,0.2700723234091379
0.072549774836,2.188268123374037e10,0.2700723234091379
0.072849567294,2.188268123374037e10,0.2700723234091379
0.073149359752,2.188268123374037e10,0.2700723234091379
0.07344915221,2.188268123374037e10,0.2700723234091379
0.073748944668,2.188268123374037e10,0.2700723234091379
0.074048737126,2.188268123374037e10,0.2700723234091379
0.074348529584,2.188268123374037e10,0.2700723234091379
0.074648322042,2.188268123374037e10,0.2700723234091379
0.0749481145,2.188268123374037e10,0.2700723234091379
0.075247906958,2.188268123374037e10,0.2700723234091379
0.07554769941600001,2.188268123374037e10,0.2700723234091379
0.075847491874,2.188268123374037e10,0.2700723234091379
0.076147284332,2.188268123374037e10,0.2700723234091379
0.07644707679,2.188268123374037e10,0.2700723234091379
0.076746869248,2.188268123374037e10,0.2700723234091379
0.07704666170600001,2.188268123374037e10,0.2700723234091379
0.077346454164,2.188268123374037e10,0.2700723234091379
0.077646246622,2.188268123374037e10,0.2700723234091379
0.07794603908,2.188268123374037e10,0.2700723234091379
0.078245831538,2.188268123374037e10,0.2700723234091379
0.078545623996,2.188268123374037e10,0.2700723234091379
0.07884541645399999,2.188268123374037e10,0.2700723234091379
0.079145208912,2.188268123374037e10,0.2700723234091379
0.07944500136999999,2.188268123374037e10,0.2700723234091379
0.079744793828,2.188268123374037e10,0.2700723234091379
0.080044586286,2.188268123374037e10,0.2700723234091379
0.080344378744,2.188268123374037e10,0.2700723234091379
0.080644171202,2.188268123374037e10,0.2700723234091379
0.08094396365999999,2.188268123374037e10,0.2700723234091379
0.081243756118,2.188268123374037e10,0.2700723234091379
0.081543548576,2.188268123374037e10,0.2700723234091379
0.081843341034,2.188268123374037e10,0.2700723234091379
0.082143133492,2.188268123374037e10,0.2700723234091379
0.08244292595000001,2.188268123374037e10,0.2700723234091379
0.082742718408,2.188268123374037e10,0.2700723234091379
0.08304251086600001,2.188268123374037e10,0.2700723234091379
0.083342303324,2.188268123374037e10,0.2700723234091379
0.083642095782,2.188268123374037e10,0.2700723234091379
0.08394188824000001,2.188268123374037e10,0.2700723234091379
0.084241680698,2.188268123374037e10,0.2700723234091379
0.084541473156,2.188268123374037e10,0.2700723234091379
0.08484126561399999,2.188268123374037e10,0.2700723234091379
0.085141058072,2.188268123374037e10,0.2700723234091379
0.08544085053,2.188268123374037e10,0.2700723234091379
0.085740642988,2.188268123374037e10,0.2700723234091379
0.086040435446,2.188268123374037e10,0.2700723234091379
0.08634022790399999,2.188268123374037e10,0.2700723234091379
0.086640020362,2.188268123374037e10,0.2700723234091379
0.08693981282,2.188268123374037e10,0.2700723234091379
0.087239605278,2.188268123374037e10,0.2700723234091379
0.087539397736,2.188268123374037e10,0.2700723234091379
0.087839190194,2.188268123374037e10,0.2700723234091379
0.088138982652,2.188268123374037e10,0.2700723234091379
0.08843877511,2.188268123374037e10,0.2700723234091379
0.088738567568,2.188268123374037e10,0.2700723234091379
0.089038360026,2.188268123374037e10,0.2700723234091379
0.089338152484,2.188268123374037e10,0.2700723234091379
0.089637944942,2.188268123374037e10,0.2700723234091379
0.08993773740000001,2.188268123374037e10,0.2700723234091379
0.090237529858,2.188268123374037e10,0.2700723234091379
0.09053732231600001,2.188268123374037e10,0.2700723234091379
0.090837114774,2.188268123374037e10,0.2700723234091379
0.091136907232,2.188268123374037e10,0.2700723234091379
0.09143669969,2.188268123374037e10,0.2700723234091379
0.09173649214799999,2.188268123374037e10,0.2700723234091379
0.092036284606,2.188268123374037e10,0.2700723234091379
0.09233607706399999,2.188268123374037e10,0.2700723234091379
0.092635869522,2.188268123374037e10,0.2700723234091379
0.09293566198,2.188268123374037e10,0.2700723234091379
0.09323545443799999,2.188268123374037e10,0.2700723234091379
0.093535246896,2.188268123374037e10,0.2700723234091379
0.093835039354,2.188268123374037e10,0.2700723234091379
0.094134831812,2.188268123374037e10,0.2700723234091379
0.09443462427,2.188268123374037e10,0.2700723234091379
0.094734416728,2.188268123374037e10,0.2700723234091379
0.095034209186,2.188268123374037e10,0.2700723234091379
0.09533400164400001,2.188268123374037e10,0.2700723234091379
0.095633794102,2.188268123374037e10,0.2700723234091379
0.09593358656,2.188268123374037e10,0.2700723234091379
0.096233379018,2.188268123374037e10,0.2700723234091379
0.096533171476,2.188268123374037e10,0.2700723234091379
0.09683296393400001,2.188268123374037e10,0.2700723234091379
0.097132756392,2.188268123374037e10,0.2700723234091379
0.09743254885000001,2.188268123374037e10,0.2700723234091379
0.097732341308,2.188268123374037e10,0.2700723234091379
0.09803213376600001,2.188268123374037e10,0.2700723234091379
0.098331926224,2.188268123374037e10,0.2700723234091379
0.09863171868199999,2.188268123374037e10,0.2700723234091379
0.09893151114,2.188268123374037e10,0.2700723234091379
0.09923130359799999,2.188268123374037e10,0.2700723234091379
0.099531096056,2.188268123374037e10,0.2700723234091379
0.099830888514,2.188268123374037e10,0.2700723234091379
0.100130680972,2.188268123374037e10,0.2700723234091379
0.10043047343,2.188268123374037e10,0.2700723234091379
0.10073026588799999,2.188268123374037e10,0.2700723234091379
0.101030058346,2.188268123374037e10,0.2700723234091379
0.101329850804,2.188268123374037e10,0.2700723234091379
0.101629643262,2.188268123374037e10,0.2700723234091379
0.10192943572,2.188268123374037e10,0.2700723234091379
0.102229228178,2.188268123374037e10,0.2700723234091379
0.102529020636,2.188268123374037e10,0.2700723234091379
0.10282881309400001,2.188268123374037e10,0.2700723234091379
0.103128605552,2.188268123374037e10,0.2700723234091379
0.10342839801,2.188268123374037e10,0.2700723234091379
0.103728190468,2.188268123374037e10,0.2700723234091379
0.104027982926,2.188268123374037e10,0.2700723234091379
0.10432777538400001,2.188268123374037e10,0.2700723234091379
0.104627567842,2.188268123374037e10,0.2700723234091379
0.1049273603,2.188268123374037e10,0.2700723234091379
0.105227152758,2.188268123374037e10,0.2700723234091379
0.10552694521599999,2.188268123374037e10,0.2700723234091379
0.105826737674,2.188268123374037e10,0.2700723234091379
0.10612653013199999,2.188268123374037e10,0.2700723234091379
0.10642632259,2.188268123374037e10,0.2700723234091379
0.106726115048,2.188268123374037e10,0.2700723234091379
0.107025907506,2.188268123374037e10,0.2700723234091379
0.107325699964,2.188268123374037e10,0.2700723234091379
0.107625492422,2.188268123374037e10,0.2700723234091379
0.10792528488,2.188268123374037e10,0.2700723234091379
0.108225077338,2.188268123374037e10,0.2700723234091379
0.108524869796,2.188268123374037e10,0.2700723234091379
0.108824662254,2.188268123374037e10,0.2700723234091379
0.109124454712,2.188268123374037e10,0.2700723234091379
0.10942424717,2.188268123374037e10,0.2700723234091379
0.10972403962800001,2.188268123374037e10,0.2700723234091379
0.11002383208600001,2.188268123374037e10,0.2700723234091379
0.11032362454399999,2.188268123374037e10,0.2700723234091379
0.110623417002,2.188268123374037e10,0.2700723234091379
0.11092320946,2.188268123374037e10,0.2700723234091379
0.11122300191800001,2.188268123374037e10,0.2700723234091379
0.111522794376,2.188268123374037e10,0.2700723234091379
0.111822586834,2.188268123374037e10,0.2700723234091379
0.11212237929199999,2.188268123374037e10,0.2700723234091379
0.11242217175,2.188268123374037e10,0.2700723234091379
0.112721964208,2.188268123374037e10,0.2700723234091379
0.113021756666,2.188268123374037e10,0.2700723234091379
0.11332154912399998,2.188268123374037e10,0.2700723234091379
0.11362134158199999,2.188268123374037e10,0.2700723234091379
0.11392113404,2.188268123374037e10,0.2700723234091379
0.114220926498,2.188268123374037e10,0.2700723234091379
0.11452071895600001,2.188268123374037e10,0.2700723234091379
0.11482051141399999,2.188268123374037e10,0.2700723234091379
0.115120303872,2.188268123374037e10,0.2700723234091379
0.11542009633,2.188268123374037e10,0.2700723234091379
0.115719888788,2.188268123374037e10,0.2700723234091379
0.11601968124600001,2.188268123374037e10,0.2700723234091379
0.11631947370399999,2.188268123374037e10,0.2700723234091379
0.116619266162,2.188268123374037e10,0.2700723234091379
0.11691905862,2.188268123374037e10,0.2700723234091379
0.11721885107800001,2.188268123374037e10,0.2700723234091379
0.11751864353600001,2.188268123374037e10,0.2700723234091379
0.11781843599399999,2.188268123374037e10,0.2700723234091379
0.118118228452,2.188268123374037e10,0.2700723234091379
0.11841802091,2.188268123374037e10,0.2700723234091379
0.118717813368,2.188268123374037e10,0.2700723234091379
0.119017605826,2.188268123374037e10,0.2700723234091379
0.11931739828399998,2.188268123374037e10,0.2700723234091379
0.11961719074199999,2.188268123374037e10,0.2700723234091379
0.1199169832,2.188268123374037e10,0.2700723234091379
0.120216775658,2.188268123374037e10,0.2700723234091379
0.120516568116,2.188268123374037e10,0.2700723234091379
0.12081636057400001,2.188268123374037e10,0.2700723234091379
0.12111615303199999,2.188268123374037e10,0.2700723234091379
0.12141594549,2.188268123374037e10,0.2700723234091379
0.121715737948,2.188268123374037e10,0.2700723234091379
0.12201553040600001,2.188268123374037e10,0.2700723234091379
0.12231532286400001,2.188268123374037e10,0.2700723234091379
0.12261511532199999,2.188268123374037e10,0.2700723234091379
0.12291490778,2.188268123374037e10,0.2700723234091379
0.123214700238,2.188268123374037e10,0.2700723234091379
0.12351449269600001,2.188268123374037e10,0.2700723234091379
0.12381428515400002,2.188268123374037e10,0.2700723234091379
0.124114077612,2.188268123374037e10,0.2700723234091379
0.12441387007,2.188268123374037e10,0.2700723234091379
0.12471366252800001,2.188268123374037e10,0.2700723234091379
0.125013454986,2.188268123374037e10,0.2700723234091379
0.12531324744400002,2.188268123374037e10,0.2700723234091379
0.12561303990199998,2.188268123374037e10,0.2700723234091379
0.12591283236,2.188268123374037e10,0.2700723234091379
0.126212624818,2.188268123374037e10,0.2700723234091379
0.12651241727600002,2.188268123374037e10,0.2700723234091379
0.126812209734,2.188268123374037e10,0.2700723234091379
0.127112002192,2.188268123374037e10,0.2700723234091379
0.12741179465,2.188268123374037e10,0.2700723234091379
0.127711587108,2.188268123374037e10,0.2700723234091379
0.128011379566,2.188268123374037e10,0.2700723234091379
0.128311172024,2.188268123374037e10,0.2700723234091379
0.128610964482,2.188268123374037e10,0.2700723234091379
0.12891075693999998,2.188268123374037e10,0.2700723234091379
0.129210549398,2.188268123374037e10,0.2700723234091379
0.129510341856,2.188268123374037e10,0.2700723234091379
0.12981013431400001,2.188268123374037e10,0.2700723234091379
0.13010992677199998,2.188268123374037e10,0.2700723234091379
0.13040971923,2.188268123374037e10,0.2700723234091379
0.130709511688,2.188268123374037e10,0.2700723234091379
0.131009304146,2.188268123374037e10,0.2700723234091379
0.131309096604,2.188268123374037e10,0.2700723234091379
0.131608889062,2.188268123374037e10,0.2700723234091379
0.13190868152,2.188268123374037e10,0.2700723234091379
0.132208473978,2.188268123374037e10,0.2700723234091379
0.132508266436,2.188268123374037e10,0.2700723234091379
0.13280805889400002,2.188268123374037e10,0.2700723234091379
0.13310785135199998,2.188268123374037e10,0.2700723234091379
0.13340764381,2.188268123374037e10,0.2700723234091379
0.133707436268,2.188268123374037e10,0.2700723234091379
0.13400722872600002,2.188268123374037e10,0.2700723234091379
0.134307021184,2.188268123374037e10,0.2700723234091379
0.134606813642,2.188268123374037e10,0.2700723234091379
0.1349066061,2.188268123374037e10,0.2700723234091379
0.135206398558,2.188268123374037e10,0.2700723234091379
0.135506191016,2.188268123374037e10,0.2700723234091379
0.135805983474,2.188268123374037e10,0.2700723234091379
0.136105775932,2.188268123374037e10,0.2700723234091379
0.13640556838999998,2.188268123374037e10,0.2700723234091379
0.136705360848,2.188268123374037e10,0.2700723234091379
0.137005153306,2.188268123374037e10,0.2700723234091379
0.137304945764,2.188268123374037e10,0.2700723234091379
0.13760473822199998,2.188268123374037e10,0.2700723234091379
0.13790453068,2.188268123374037e10,0.2700723234091379
0.138204323138,2.188268123374037e10,0.2700723234091379
0.138504115596,2.188268123374037e10,0.2700723234091379
0.138803908054,2.188268123374037e10,0.2700723234091379
0.139103700512,2.188268123374037e10,0.2700723234091379
0.13940349297,2.188268123374037e10,0.2700723234091379
0.139703285428,2.188268123374037e10,0.2700723234091379
0.140003077886,2.188268123374037e10,0.2700723234091379
0.14030287034400002,2.188268123374037e10,0.2700723234091379
0.14060266280199998,2.188268123374037e10,0.2700723234091379
0.14090245526,2.188268123374037e10,0.2700723234091379
0.141202247718,2.188268123374037e10,0.2700723234091379
0.14150204017600002,2.188268123374037e10,0.2700723234091379
0.141801832634,2.188268123374037e10,0.2700723234091379
0.142101625092,2.188268123374037e10,0.2700723234091379
0.14240141755,2.188268123374037e10,0.2700723234091379
0.14270121000799998,2.188268123374037e10,0.2700723234091379
0.143001002466,2.188268123374037e10,0.2700723234091379
0.143300794924,2.188268123374037e10,0.2700723234091379
0.14360058738200002,2.188268123374037e10,0.2700723234091379
0.14390037983999998,2.188268123374037e10,0.2700723234091379
0.144200172298,2.188268123374037e10,0.2700723234091379
0.144499964756,2.188268123374037e10,0.2700723234091379
0.144799757214,2.188268123374037e10,0.2700723234091379
0.145099549672,2.188268123374037e10,0.2700723234091379
0.14539934213,2.188268123374037e10,0.2700723234091379
0.145699134588,2.188268123374037e10,0.2700723234091379
0.145998927046,2.188268123374037e10,0.2700723234091379
0.146298719504,2.188268123374037e10,0.2700723234091379
0.14659851196200002,2.188268123374037e10,0.2700723234091379
0.14689830442,2.188268123374037e10,0.2700723234091379
0.147198096878,2.188268123374037e10,0.2700723234091379
0.147497889336,2.188268123374037e10,0.2700723234091379
0.14779768179400002,2.188268123374037e10,0.2700723234091379
0.148097474252,2.188268123374037e10,0.2700723234091379
0.14839726671,2.188268123374037e10,0.2700723234091379
0.148697059168,2.188268123374037e10,0.2700723234091379
0.148996851626,2.188268123374037e10,0.2700723234091379
0.149296644084,2.188268123374037e10,0.2700723234091379
0.149596436542,2.188268123374037e10,0.2700723234091379
0.149896229,2.188268123374037e10,0.2700723234091379
0.15019602145799998,2.188268123374037e10,0.2700723234091379
0.150495813916,2.188268123374037e10,0.2700723234091379
0.150795606374,2.188268123374037e10,0.2700723234091379
0.15109539883200002,2.188268123374037e10,0.2700723234091379
0.15139519128999998,2.188268123374037e10,0.2700723234091379
0.151694983748,2.188268123374037e10,0.2700723234091379
0.151994776206,2.188268123374037e10,0.2700723234091379
0.152294568664,2.188268123374037e10,0.2700723234091379
0.152594361122,2.188268123374037e10,0.2700723234091379
0.15289415358,2.188268123374037e10,0.2700723234091379
0.153193946038,2.188268123374037e10,0.2700723234091379
0.153493738496,2.188268123374037e10,0.2700723234091379
0.153793530954,2.188268123374037e10,0.2700723234091379
0.15409332341200002,2.188268123374037e10,0.2700723234091379
0.15439311587,2.188268123374037e10,0.2700723234091379
0.154692908328,2.188268123374037e10,0.2700723234091379
0.154992700786,2.188268123374037e10,0.2700723234091379
0.155292493244,2.188268123374037e10,0.2700723234091379
0.155592285702,2.188268123374037e10,0.2700723234091379
0.15589207816,2.188268123374037e10,0.2700723234091379
0.156191870618,2.188268123374037e10,0.2700723234091379
0.156491663076,2.188268123374037e10,0.2700723234091379
0.156791455534,2.188268123374037e10,0.2700723234091379
0.157091247992,2.188268123374037e10,0.2700723234091379
0.15739104045,2.188268123374037e10,0.2700723234091379
0.15769083290799998,2.188268123374037e10,0.2700723234091379
0.157990625366,2.188268123374037e10,0.2700723234091379
0.158290417824,2.188268123374037e10,0.2700723234091379
0.15859021028200002,2.188268123374037e10,0.2700723234091379
0.15889000273999998,2.188268123374037e10,0.2700723234091379
0.159189795198,2.188268123374037e10,0.2700723234091379
0.159489587656,2.188268123374037e10,0.2700723234091379
0.159789380114,2.188268123374037e10,0.2700723234091379
0.160089172572,2.188268123374037e10,0.2700723234091379
0.16038896503,2.188268123374037e10,0.2700723234091379
0.160688757488,2.188268123374037e10,0.2700723234091379
0.160988549946,2.188268123374037e10,0.2700723234091379
0.161288342404,2.188268123374037e10,0.2700723234091379
0.16158813486200002,2.188268123374037e10,0.2700723234091379
0.16188792731999999,2.188268123374037e10,0.2700723234091379
0.162187719778,2.188268123374037e10,0.2700723234091379
0.162487512236,2.188268123374037e10,0.2700723234091379
0.162787304694,2.188268123374037e10,0.2700723234091379
0.163087097152,2.188268123374037e10,0.2700723234091379
0.16338688960999997,2.188268123374037e10,0.2700723234091379
0.163686682068,2.188268123374037e10,0.2700723234091379
0.163986474526,2.188268123374037e10,0.2700723234091379
0.164286266984,2.188268123374037e10,0.2700723234091379
0.164586059442,2.188268123374037e10,0.2700723234091379
0.16488585190000002,2.188268123374037e10,0.2700723234091379
0.16518564435799998,2.188268123374037e10,0.2700723234091379
0.165485436816,2.188268123374037e10,0.2700723234091379
0.165785229274,2.188268123374037e10,0.2700723234091379
0.16608502173200002,2.188268123374037e10,0.2700723234091379
0.16638481419,2.188268123374037e10,0.2700723234091379
0.166684606648,2.188268123374037e10,0.2700723234091379
0.166984399106,2.188268123374037e10,0.2700723234091379
0.167284191564,2.188268123374037e10,0.2700723234091379
0.167583984022,2.188268123374037e10,0.2700723234091379
0.16788377648000002,2.188268123374037e10,0.2700723234091379
0.168183568938,2.188268123374037e10,0.2700723234091379
0.168483361396,2.188268123374037e10,0.2700723234091379
0.168783153854,2.188268123374037e10,0.2700723234091379
0.169082946312,2.188268123374037e10,0.2700723234091379
0.16938273877,2.188268123374037e10,0.2700723234091379
0.16968253122799998,2.188268123374037e10,0.2700723234091379
0.169982323686,2.188268123374037e10,0.2700723234091379
0.170282116144,2.188268123374037e10,0.2700723234091379
0.170581908602,2.188268123374037e10,0.2700723234091379
0.17088170106,2.188268123374037e10,0.2700723234091379
0.171181493518,2.188268123374037e10,0.2700723234091379
0.171481285976,2.188268123374037e10,0.2700723234091379
0.171781078434,2.188268123374037e10,0.2700723234091379
0.172080870892,2.188268123374037e10,0.2700723234091379
0.17238066335000002,2.188268123374037e10,0.2700723234091379
0.17268045580799998,2.188268123374037e10,0.2700723234091379
0.172980248266,2.188268123374037e10,0.2700723234091379
0.173280040724,2.188268123374037e10,0.2700723234091379
0.17357983318200002,2.188268123374037e10,0.2700723234091379
0.17387962564,2.188268123374037e10,0.2700723234091379
0.174179418098,2.188268123374037e10,0.2700723234091379
0.174479210556,2.188268123374037e10,0.2700723234091379
0.174779003014,2.188268123374037e10,0.2700723234091379
0.175078795472,2.188268123374037e10,0.2700723234091379
0.17537858793,2.188268123374037e10,0.2700723234091379
0.175678380388,2.188268123374037e10,0.2700723234091379
0.175978172846,2.188268123374037e10,0.2700723234091379
0.176277965304,2.188268123374037e10,0.2700723234091379
0.176577757762,2.188268123374037e10,0.2700723234091379
0.17687755022,2.188268123374037e10,0.2700723234091379
0.17717734267799998,2.188268123374037e10,0.2700723234091379
0.177477135136,2.188268123374037e10,0.2700723234091379
0.177776927594,2.188268123374037e10,0.2700723234091379
0.178076720052,2.188268123374037e10,0.2700723234091379
0.17837651251,2.188268123374037e10,0.2700723234091379
0.178676304968,2.188268123374037e10,0.2700723234091379
0.17897609742599999,2.188268123374037e10,0.2700723234091379
0.179275889884,2.188268123374037e10,0.2700723234091379
0.179575682342,2.188268123374037e10,0.2700723234091379
0.17987547480000002,2.188268123374037e10,0.2700723234091379
0.18017526725799998,2.188268123374037e10,0.2700723234091379
0.180475059716,2.188268123374037e10,0.2700723234091379
0.180774852174,2.188268123374037e10,0.2700723234091379
0.18107464463200001,2.188268123374037e10,0.2700723234091379
0.18137443709,2.188268123374037e10,0.2700723234091379
0.181674229548,2.188268123374037e10,0.2700723234091379
0.181974022006,2.188268123374037e10,0.2700723234091379
0.182273814464,2.188268123374037e10,0.2700723234091379
0.182573606922,2.188268123374037e10,0.2700723234091379
0.18287339938,2.188268123374037e10,0.2700723234091379
0.183173191838,2.188268123374037e10,0.2700723234091379
0.18347298429599998,2.188268123374037e10,0.2700723234091379
0.183772776754,2.188268123374037e10,0.2700723234091379
0.184072569212,2.188268123374037e10,0.2700723234091379
0.18437236167,2.188268123374037e10,0.2700723234091379
0.18467215412799998,2.188268123374037e10,0.2700723234091379
0.184971946586,2.188268123374037e10,0.2700723234091379
0.185271739044,2.188268123374037e10,0.2700723234091379
0.185571531502,2.188268123374037e10,0.2700723234091379
0.18587132396,2.188268123374037e10,0.2700723234091379
0.186171116418,2.188268123374037e10,0.2700723234091379
0.18647090887599999,2.188268123374037e10,0.2700723234091379
0.186770701334,2.188268123374037e10,0.2700723234091379
0.187070493792,2.188268123374037e10,0.2700723234091379
0.18737028625000002,2.188268123374037e10,0.2700723234091379
0.187670078708,2.188268123374037e10,0.2700723234091379
0.187969871166,2.188268123374037e10,0.2700723234091379
0.188269663624,2.188268123374037e10,0.2700723234091379
0.18856945608200001,2.188268123374037e10,0.2700723234091379
0.18886924854,2.188268123374037e10,0.2700723234091379
0.189169040998,2.188268123374037e10,0.2700723234091379
0.189468833456,2.188268123374037e10,0.2700723234091379
0.18976862591399998,2.188268123374037e10,0.2700723234091379
0.190068418372,2.188268123374037e10,0.2700723234091379
0.19036821083,2.188268123374037e10,0.2700723234091379
0.19066800328800002,2.188268123374037e10,0.2700723234091379
0.19096779574599998,2.188268123374037e10,0.2700723234091379
0.191267588204,2.188268123374037e10,0.2700723234091379
0.191567380662,2.188268123374037e10,0.2700723234091379
0.19186717312,2.188268123374037e10,0.2700723234091379
0.192166965578,2.188268123374037e10,0.2700723234091379
0.192466758036,2.188268123374037e10,0.2700723234091379
0.192766550494,2.188268123374037e10,0.2700723234091379
0.193066342952,2.188268123374037e10,0.2700723234091379
0.19336613541,2.188268123374037e10,0.2700723234091379
0.19366592786800002,2.188268123374037e10,0.2700723234091379
0.19396572032599999,2.188268123374037e10,0.2700723234091379
0.194265512784,2.188268123374037e10,0.2700723234091379
0.194565305242,2.188268123374037e10,0.2700723234091379
0.19486509770000002,2.188268123374037e10,0.2700723234091379
0.195164890158,2.188268123374037e10,0.2700723234091379
0.195464682616,2.188268123374037e10,0.2700723234091379
0.195764475074,2.188268123374037e10,0.2700723234091379
0.19606426753200001,2.188268123374037e10,0.2700723234091379
0.19636405999,2.188268123374037e10,0.2700723234091379
0.196663852448,2.188268123374037e10,0.2700723234091379
0.196963644906,2.188268123374037e10,0.2700723234091379
0.19726343736399998,2.188268123374037e10,0.2700723234091379
0.197563229822,2.188268123374037e10,0.2700723234091379
0.19786302228,2.188268123374037e10,0.2700723234091379
0.19816281473800001,2.188268123374037e10,0.2700723234091379
0.19846260719599998,2.188268123374037e10,0.2700723234091379
0.198762399654,2.188268123374037e10,0.2700723234091379
0.199062192112,2.188268123374037e10,0.2700723234091379
0.19936198457,2.188268123374037e10,0.2700723234091379
0.199661777028,2.188268123374037e10,0.2700723234091379
0.199961569486,2.188268123374037e10,0.2700723234091379
0.200261361944,2.188268123374037e10,0.2700723234091379
0.200561154402,2.188268123374037e10,0.2700723234091379
0.20086094686,2.188268123374037e10,0.2700723234091379
0.20116073931800002,2.188268123374037e10,0.2700723234091379
0.20146053177599998,2.188268123374037e10,0.2700723234091379
0.201760324234,2.188268123374037e10,0.2700723234091379
0.202060116692,2.188268123374037e10,0.2700723234091379
0.20235990915000002,2.188268123374037e10,0.2700723234091379
0.202659701608,2.188268123374037e10,0.2700723234091379
0.202959494066,2.188268123374037e10,0.2700723234091379
0.203259286524,2.188268123374037e10,0.2700723234091379
0.20355907898199999,2.188268123374037e10,0.2700723234091379
0.20385887144,2.188268123374037e10,0.2700723234091379
0.204158663898,2.188268123374037e10,0.2700723234091379
0.204458456356,2.188268123374037e10,0.2700723234091379
0.20475824881399998,2.188268123374037e10,0.2700723234091379
0.205058041272,2.188268123374037e10,0.2700723234091379
0.20535783373,2.188268123374037e10,0.2700723234091379
0.20565762618800001,2.188268123374037e10,0.2700723234091379
0.20595741864599998,2.188268123374037e10,0.2700723234091379
0.206257211104,2.188268123374037e10,0.2700723234091379
0.206557003562,2.188268123374037e10,0.2700723234091379
0.20685679602,2.188268123374037e10,0.2700723234091379
0.207156588478,2.188268123374037e10,0.2700723234091379
0.207456380936,2.188268123374037e10,0.2700723234091379
0.207756173394,2.188268123374037e10,0.2700723234091379
0.208055965852,2.188268123374037e10,0.2700723234091379
0.20835575831,2.188268123374037e10,0.2700723234091379
0.20865555076800002,2.188268123374037e10,0.2700723234091379
0.208955343226,2.188268123374037e10,0.2700723234091379
0.209255135684,2.188268123374037e10,0.2700723234091379
0.209554928142,2.188268123374037e10,0.2700723234091379
0.2098547206,2.188268123374037e10,0.2700723234091379
0.210154513058,2.188268123374037e10,0.2700723234091379
0.210454305516,2.188268123374037e10,0.2700723234091379
0.210754097974,2.188268123374037e10,0.2700723234091379
0.21105389043199999,2.188268123374037e10,0.2700723234091379
0.21135368289,2.188268123374037e10,0.2700723234091379
0.211653475348,2.188268123374037e10,0.2700723234091379
0.21195326780600002,2.188268123374037e10,0.2700723234091379
0.21225306026399998,2.188268123374037e10,0.2700723234091379
0.212552852722,2.188268123374037e10,0.2700723234091379
0.21285264518,2.188268123374037e10,0.2700723234091379
0.21315243763800001,2.188268123374037e10,0.2700723234091379
0.213452230096,2.188268123374037e10,0.2700723234091379
0.213752022554,2.188268123374037e10,0.2700723234091379
0.214051815012,2.188268123374037e10,0.2700723234091379
0.21435160747,2.188268123374037e10,0.2700723234091379
0.214651399928,2.188268123374037e10,0.2700723234091379
0.21495119238600002,2.188268123374037e10,0.2700723234091379
0.215250984844,2.188268123374037e10,0.2700723234091379
0.215550777302,2.188268123374037e10,0.2700723234091379
0.21585056976,2.188268123374037e10,0.2700723234091379
0.216150362218,2.188268123374037e10,0.2700723234091379
0.216450154676,2.188268123374037e10,0.2700723234091379
0.216749947134,2.188268123374037e10,0.2700723234091379
0.217049739592,2.188268123374037e10,0.2700723234091379
0.21734953205,2.188268123374037e10,0.2700723234091379
0.217649324508,2.188268123374037e10,0.2700723234091379
0.217949116966,2.188268123374037e10,0.2700723234091379
0.218248909424,2.188268123374037e10,0.2700723234091379
0.21854870188199998,2.188268123374037e10,0.2700723234091379
0.21884849434,2.188268123374037e10,0.2700723234091379
0.219148286798,2.188268123374037e10,0.2700723234091379
0.21944807925600002,2.188268123374037e10,0.2700723234091379
0.219747871714,2.188268123374037e10,0.2700723234091379
0.22004766417200003,2.188268123374037e10,0.2700723234091379
0.22034745663000002,2.188268123374037e10,0.2700723234091379
0.22064724908799999,2.188268123374037e10,0.2700723234091379
0.22094704154599998,2.188268123374037e10,0.2700723234091379
0.221246834004,2.188268123374037e10,0.2700723234091379
0.221546626462,2.188268123374037e10,0.2700723234091379
0.22184641892,2.188268123374037e10,0.2700723234091379
0.222146211378,2.188268123374037e10,0.2700723234091379
0.22244600383600002,2.188268123374037e10,0.2700723234091379
0.22274579629400001,2.188268123374037e10,0.2700723234091379
0.223045588752,2.188268123374037e10,0.2700723234091379
0.22334538121000003,2.188268123374037e10,0.2700723234091379
0.223645173668,2.188268123374037e10,0.2700723234091379
0.22394496612599998,2.188268123374037e10,0.2700723234091379
0.22424475858399998,2.188268123374037e10,0.2700723234091379
0.224544551042,2.188268123374037e10,0.2700723234091379
0.2248443435,2.188268123374037e10,0.2700723234091379
0.225144135958,2.188268123374037e10,0.2700723234091379
0.225443928416,2.188268123374037e10,0.2700723234091379
0.22574372087400002,2.188268123374037e10,0.2700723234091379
0.226043513332,2.188268123374037e10,0.2700723234091379
0.22634330579000003,2.188268123374037e10,0.2700723234091379
0.22664309824799997,2.188268123374037e10,0.2700723234091379
0.226942890706,2.188268123374037e10,0.2700723234091379
0.22724268316399998,2.188268123374037e10,0.2700723234091379
0.227542475622,2.188268123374037e10,0.2700723234091379
0.22784226808,2.188268123374037e10,0.2700723234091379
0.228142060538,2.188268123374037e10,0.2700723234091379
0.228441852996,2.188268123374037e10,0.2700723234091379
0.22874164545400003,2.188268123374037e10,0.2700723234091379
0.22904143791200002,2.188268123374037e10,0.2700723234091379
0.22934123037,2.188268123374037e10,0.2700723234091379
0.22964102282799997,2.188268123374037e10,0.2700723234091379
0.229940815286,2.188268123374037e10,0.2700723234091379
0.230240607744,2.188268123374037e10,0.2700723234091379
0.23054040020199998,2.188268123374037e10,0.2700723234091379
0.23084019266,2.188268123374037e10,0.2700723234091379
0.231139985118,2.188268123374037e10,0.2700723234091379
0.231439777576,2.188268123374037e10,0.2700723234091379
0.231739570034,2.188268123374037e10,0.2700723234091379
0.23203936249200002,2.188268123374037e10,0.2700723234091379
0.23233915495000002,2.188268123374037e10,0.2700723234091379
0.23263894740799998,2.188268123374037e10,0.2700723234091379
0.23293873986599997,2.188268123374037e10,0.2700723234091379
0.233238532324,2.188268123374037e10,0.2700723234091379
0.23353832478199998,2.188268123374037e10,0.2700723234091379
0.23383811724,2.188268123374037e10,0.2700723234091379
0.234137909698,2.188268123374037e10,0.2700723234091379
0.23443770215600002,2.188268123374037e10,0.2700723234091379
0.234737494614,2.188268123374037e10,0.2700723234091379
0.23503728707200003,2.188268123374037e10,0.2700723234091379
0.23533707953000002,2.188268123374037e10,0.2700723234091379
0.23563687198799999,2.188268123374037e10,0.2700723234091379
0.23593666444599998,2.188268123374037e10,0.2700723234091379
0.236236456904,2.188268123374037e10,0.2700723234091379
0.236536249362,2.188268123374037e10,0.2700723234091379
0.23683604182,2.188268123374037e10,0.2700723234091379
0.237135834278,2.188268123374037e10,0.2700723234091379
0.237435626736,2.188268123374037e10,0.2700723234091379
0.237735419194,2.188268123374037e10,0.2700723234091379
0.238035211652,2.188268123374037e10,0.2700723234091379
0.23833500411000003,2.188268123374037e10,0.2700723234091379
0.23863479656799996,2.188268123374037e10,0.2700723234091379
0.23893458902599998,2.188268123374037e10,0.2700723234091379
0.23923438148399997,2.188268123374037e10,0.2700723234091379
0.239534173942,2.188268123374037e10,0.2700723234091379
0.2398339664,2.188268123374037e10,0.2700723234091379
0.240133758858,2.188268123374037e10,0.2700723234091379
0.240433551316,2.188268123374037e10,0.2700723234091379
0.24073334377400002,2.188268123374037e10,0.2700723234091379
0.241033136232,2.188268123374037e10,0.2700723234091379
0.24133292869000003,2.188268123374037e10,0.2700723234091379
0.24163272114800002,2.188268123374037e10,0.2700723234091379
0.241932513606,2.188268123374037e10,0.2700723234091379
0.24223230606399998,2.188268123374037e10,0.2700723234091379
0.242532098522,2.188268123374037e10,0.2700723234091379
0.24283189098,2.188268123374037e10,0.2700723234091379
0.243131683438,2.188268123374037e10,0.2700723234091379
0.243431475896,2.188268123374037e10,0.2700723234091379
0.243731268354,2.188268123374037e10,0.2700723234091379
0.24403106081200002,2.188268123374037e10,0.2700723234091379
0.24433085327,2.188268123374037e10,0.2700723234091379
0.24463064572800003,2.188268123374037e10,0.2700723234091379
0.24493043818599997,2.188268123374037e10,0.2700723234091379
0.24523023064399999,2.188268123374037e10,0.2700723234091379
0.24553002310199998,2.188268123374037e10,0.2700723234091379
0.24582981556,2.188268123374037e10,0.2700723234091379
0.246129608018,2.188268123374037e10,0.2700723234091379
0.246429400476,2.188268123374037e10,0.2700723234091379
0.246729192934,2.188268123374037e10,0.2700723234091379
0.24702898539200002,2.188268123374037e10,0.2700723234091379
0.24732877785000001,2.188268123374037e10,0.2700723234091379
0.24762857030800003,2.188268123374037e10,0.2700723234091379
0.24792836276599997,2.188268123374037e10,0.2700723234091379
0.248228155224,2.188268123374037e10,0.2700723234091379
0.24852794768199998,2.188268123374037e10,0.2700723234091379
0.24882774014,2.188268123374037e10,0.2700723234091379
0.249127532598,2.188268123374037e10,0.2700723234091379
0.24942732505600002,2.188268123374037e10,0.2700723234091379
0.249727117514,2.188268123374037e10,0.2700723234091379
0.250026909972,2.188268123374037e10,0.2700723234091379
0.25032670243,2.188268123374037e10,0.2700723234091379
0.25062649488800004,2.188268123374037e10,0.2700723234091379
0.250926287346,2.188268123374037e10,0.2700723234091379
0.25122607980399997,2.188268123374037e10,0.2700723234091379
0.25152587226199996,2.188268123374037e10,0.2700723234091379
0.25182566472,2.188268123374037e10,0.2700723234091379
0.252125457178,2.188268123374037e10,0.2700723234091379
0.252425249636,2.188268123374037e10,0.2700723234091379
0.252725042094,2.188268123374037e10,0.2700723234091379
0.25302483455200003,2.188268123374037e10,0.2700723234091379
0.25332462701,2.188268123374037e10,0.2700723234091379
0.253624419468,2.188268123374037e10,0.2700723234091379
0.25392421192599995,2.188268123374037e10,0.2700723234091379
0.254224004384,2.188268123374037e10,0.2700723234091379
0.254523796842,2.188268123374037e10,0.2700723234091379
0.2548235893,2.188268123374037e10,0.2700723234091379
0.255123381758,2.188268123374037e10,0.2700723234091379
0.255423174216,2.188268123374037e10,0.2700723234091379
0.255722966674,2.188268123374037e10,0.2700723234091379
0.256022759132,2.188268123374037e10,0.2700723234091379
0.25632255159,2.188268123374037e10,0.2700723234091379
0.256622344048,2.188268123374037e10,0.2700723234091379
0.256922136506,2.188268123374037e10,0.2700723234091379
0.257221928964,2.188268123374037e10,0.2700723234091379
0.25752172142199997,2.188268123374037e10,0.2700723234091379
0.25782151387999996,2.188268123374037e10,0.2700723234091379
0.258121306338,2.188268123374037e10,0.2700723234091379
0.258421098796,2.188268123374037e10,0.2700723234091379
0.258720891254,2.188268123374037e10,0.2700723234091379
0.259020683712,2.188268123374037e10,0.2700723234091379
0.25932047617000004,2.188268123374037e10,0.2700723234091379
0.25962026862800003,2.188268123374037e10,0.2700723234091379
0.25992006108599996,2.188268123374037e10,0.2700723234091379
0.26021985354399996,2.188268123374037e10,0.2700723234091379
0.260519646002,2.188268123374037e10,0.2700723234091379
0.26081943846,2.188268123374037e10,0.2700723234091379
0.261119230918,2.188268123374037e10,0.2700723234091379
0.261419023376,2.188268123374037e10,0.2700723234091379
0.26171881583400003,2.188268123374037e10,0.2700723234091379
0.262018608292,2.188268123374037e10,0.2700723234091379
0.26231840075,2.188268123374037e10,0.2700723234091379
0.262618193208,2.188268123374037e10,0.2700723234091379
0.262917985666,2.188268123374037e10,0.2700723234091379
0.263217778124,2.188268123374037e10,0.2700723234091379
0.263517570582,2.188268123374037e10,0.2700723234091379
0.26381736304,2.188268123374037e10,0.2700723234091379
0.26411715549799997,2.188268123374037e10,0.2700723234091379
0.264416947956,2.188268123374037e10,0.2700723234091379
0.264716740414,2.188268123374037e10,0.2700723234091379
0.265016532872,2.188268123374037e10,0.2700723234091379
0.26531632533,2.188268123374037e10,0.2700723234091379
0.26561611778800004,2.188268123374037e10,0.2700723234091379
0.26591591024600003,2.188268123374037e10,0.2700723234091379
0.26621570270399997,2.188268123374037e10,0.2700723234091379
0.26651549516199996,2.188268123374037e10,0.2700723234091379
0.26681528762,2.188268123374037e10,0.2700723234091379
0.267115080078,2.188268123374037e10,0.2700723234091379
0.267414872536,2.188268123374037e10,0.2700723234091379
0.267714664994,2.188268123374037e10,0.2700723234091379
0.26801445745200003,2.188268123374037e10,0.2700723234091379
0.26831424991,2.188268123374037e10,0.2700723234091379
0.268614042368,2.188268123374037e10,0.2700723234091379
0.268913834826,2.188268123374037e10,0.2700723234091379
0.269213627284,2.188268123374037e10,0.2700723234091379
0.269513419742,2.188268123374037e10,0.2700723234091379
0.2698132122,2.188268123374037e10,0.2700723234091379
0.270113004658,2.188268123374037e10,0.2700723234091379
0.270412797116,2.188268123374037e10,0.2700723234091379
0.270712589574,2.188268123374037e10,0.2700723234091379
0.271012382032,2.188268123374037e10,0.2700723234091379
0.27131217449,2.188268123374037e10,0.2700723234091379
0.271611966948,2.188268123374037e10,0.2700723234091379
0.27191175940600004,2.188268123374037e10,0.2700723234091379
0.272211551864,2.188268123374037e10,0.2700723234091379
0.27251134432199997,2.188268123374037e10,0.2700723234091379
0.27281113677999996,2.188268123374037e10,0.2700723234091379
0.273110929238,2.188268123374037e10,0.2700723234091379
0.273410721696,2.188268123374037e10,0.2700723234091379
0.273710514154,2.188268123374037e10,0.2700723234091379
0.274010306612,2.188268123374037e10,0.2700723234091379
0.27431009907000004,2.188268123374037e10,0.2700723234091379
0.274609891528,2.188268123374037e10,0.2700723234091379
0.274909683986,2.188268123374037e10,0.2700723234091379
0.27520947644399996,2.188268123374037e10,0.2700723234091379
0.275509268902,2.188268123374037e10,0.2700723234091379
0.27580906136,2.188268123374037e10,0.2700723234091379
0.276108853818,2.188268123374037e10,0.2700723234091379
0.276408646276,2.188268123374037e10,0.2700723234091379
0.27670843873400003,2.188268123374037e10,0.2700723234091379
0.277008231192,2.188268123374037e10,0.2700723234091379
0.27730802365,2.188268123374037e10,0.2700723234091379
0.277607816108,2.188268123374037e10,0.2700723234091379
0.277907608566,2.188268123374037e10,0.2700723234091379
0.278207401024,2.188268123374037e10,0.2700723234091379
0.278507193482,2.188268123374037e10,0.2700723234091379
0.27880698594,2.188268123374037e10,0.2700723234091379
0.27910677839799997,2.188268123374037e10,0.2700723234091379
0.279406570856,2.188268123374037e10,0.2700723234091379
0.279706363314,2.188268123374037e10,0.2700723234091379
0.280006155772,2.188268123374037e10,0.2700723234091379
0.28030594823,2.188268123374037e10,0.2700723234091379
0.28060574068800004,2.188268123374037e10,0.2700723234091379
0.28090553314600003,2.188268123374037e10,0.2700723234091379
0.28120532560399997,2.188268123374037e10,0.2700723234091379
0.28150511806199996,2.188268123374037e10,0.2700723234091379
0.28180491052,2.188268123374037e10,0.2700723234091379
0.282104702978,2.188268123374037e10,0.2700723234091379
0.282404495436,2.188268123374037e10,0.2700723234091379
0.282704287894,2.188268123374037e10,0.2700723234091379
0.28300408035200003,2.188268123374037e10,0.2700723234091379
0.28330387281,2.188268123374037e10,0.2700723234091379
0.283603665268,2.188268123374037e10,0.2700723234091379
0.283903457726,2.188268123374037e10,0.2700723234091379
0.284203250184,2.188268123374037e10,0.2700723234091379
0.284503042642,2.188268123374037e10,0.2700723234091379
0.2848028351,2.188268123374037e10,0.2700723234091379
0.285102627558,2.188268123374037e10,0.2700723234091379
0.28540242001599997,2.188268123374037e10,0.2700723234091379
0.285702212474,2.188268123374037e10,0.2700723234091379
0.286002004932,2.188268123374037e10,0.2700723234091379
0.28630179739,2.188268123374037e10,0.2700723234091379
0.286601589848,2.188268123374037e10,0.2700723234091379
0.28690138230600004,2.188268123374037e10,0.2700723234091379
0.28720117476400003,2.188268123374037e10,0.2700723234091379
0.28750096722199997,2.188268123374037e10,0.2700723234091379
0.28780075967999996,2.188268123374037e10,0.2700723234091379
0.288100552138,2.188268123374037e10,0.2700723234091379
0.288400344596,2.188268123374037e10,0.2700723234091379
0.288700137054,2.188268123374037e10,0.2700723234091379
0.288999929512,2.188268123374037e10,0.2700723234091379
0.28929972197000003,2.188268123374037e10,0.2700723234091379
0.289599514428,2.188268123374037e10,0.2700723234091379
0.289899306886,2.188268123374037e10,0.2700723234091379
0.290199099344,2.188268123374037e10,0.2700723234091379
0.290498891802,2.188268123374037e10,0.2700723234091379
0.29079868426,2.188268123374037e10,0.2700723234091379
0.291098476718,2.188268123374037e10,0.2700723234091379
0.291398269176,2.188268123374037e10,0.2700723234091379
0.29169806163399997,2.188268123374037e10,0.2700723234091379
0.291997854092,2.188268123374037e10,0.2700723234091379
0.29229764655,2.188268123374037e10,0.2700723234091379
0.292597439008,2.188268123374037e10,0.2700723234091379
0.292897231466,2.188268123374037e10,0.2700723234091379
0.29319702392400004,2.188268123374037e10,0.2700723234091379
0.293496816382,2.188268123374037e10,0.2700723234091379
0.29379660884,2.188268123374037e10,0.2700723234091379
0.29409640129799997,2.188268123374037e10,0.2700723234091379
0.294396193756,2.188268123374037e10,0.2700723234091379
0.294695986214,2.188268123374037e10,0.2700723234091379
0.294995778672,2.188268123374037e10,0.2700723234091379
0.29529557113,2.188268123374037e10,0.2700723234091379
0.29559536358800004,2.188268123374037e10,0.2700723234091379
0.29589515604600003,2.188268123374037e10,0.2700723234091379
0.296194948504,2.188268123374037e10,0.2700723234091379
0.29649474096199996,2.188268123374037e10,0.2700723234091379
0.29679453342,2.188268123374037e10,0.2700723234091379
0.297094325878,2.188268123374037e10,0.2700723234091379
0.297394118336,2.188268123374037e10,0.2700723234091379
0.297693910794,2.188268123374037e10,0.2700723234091379
0.297993703252,2.188268123374037e10,0.2700723234091379
0.29829349571,2.188268123374037e10,0.2700723234091379
0.298593288168,2.188268123374037e10,0.2700723234091379
0.298893080626,2.188268123374037e10,0.2700723234091379
0.299192873084,2.188268123374037e10,0.2700723234091379
0.299492665542,2.188268123374037e10,0.2700723234091379
0.299792458,2.188268123374037e10,0.2700723234091379
