time,intensity1,temperature1,intensity2,temperature2
0.000299792458,1.0587371276125269e9,0.9626426179215287,3.3795884208163013e9,0.8608117103614122
0.000599584916,1.9677071716141148e9,0.9266894882771127,5.232135986398526e9,0.741251165100207
0.000899377374,2.748066326028412e9,0.8920902654800004,6.24767063633692e9,0.6386879098841504
0.001199169832,3.4179956281779613e9,0.8587961623701595,6.804409020556595e9,0.5509160182933819
0.00149896229,3.9931132909962397e9,0.8267600809168694,7.109659375773187e9,0.4761215981191586
0.001798754748,4.486832644729684e9,0.7959366724326683,7.277052359456909e9,0.41286103419266074
0.002098547206,4.910671591456903e9,0.7662823559965813,7.368872367187625e9,0.36003933799178056
0.002398339664,5.274519451110336e9,0.7377553127202765,7.419259945097393e9,0.31686232415615445
0.0026981321219999997,5.586866690491574e9,0.7103154666912829,7.446929384251616e9,0.28271772928146577
0.00299792458,5.855002493329177e9,0.683924459243945,7.462139438906296e9,0.2569530590634529
0.0032977170379999998,6.085184561292319e9,0.6585456206283409,7.470514099533694e9,0.23861599717944904
0.003597509496,6.28278498775401e9,0.6341439415465959,7.475136834255807e9,0.2263530716885881
0.0038973019540000002,6.452415542455968e9,0.6106860460203896,7.477698491535996e9,0.2185954422034801
0.004197094412,6.598035254728473e9,0.5881401664049428,7.479126498875462e9,0.213885144490085
0.004496886869999999,6.723042786240665e9,0.5664761209248638,7.479929750322561e9,0.21109257778986035
0.004796679328,6.830355738276176e9,0.545665293782102,7.480387657021413e9,0.20944967930452388
0.005096471786,6.922478738533146e9,0.5256806176153659,7.480653779567076e9,0.2084768226268761
0.0053962642439999995,7.001561893277934e9,0.5064965578334015,7.480812639908438e9,0.20788952662575122
0.005696056702,7.069450967299308e9,0.4880890980737289,7.48091086896752e9,0.20752387507311384
0.00599584916,7.127730461854724e9,0.47043572573408887,7.480974286150225e9,0.20728677789602623
0.0062956416179999995,7.177760595488906e9,0.4535154161724065,7.481017266934287e9,0.20712562232406026
0.0065954340759999995,7.220709050545118e9,0.43730861376468294,7.481047882587753e9,0.20701059973683403
0.0068952265339999996,7.257578226157103e9,0.42179720754799105,7.481070721796534e9,0.20692466811105614
0.007195018992,7.289228633706259e9,0.4069644986661131,7.4810884410810375e9,0.20685792617515314
0.00749481145,7.316398980735639e9,0.3927951562997711,7.481102617900752e9,0.20680448082468983
0.0077946039080000005,7.339723412044362e9,0.3792751582408909,7.48111422108546e9,0.20676070699324145
0.008094396366,7.359746310347887e9,0.366391711822563,7.481123871117032e9,0.2067242803814932
0.008394188824,7.376935001937506e9,0.3541331506319726,7.481131984881186e9,0.20669363791119078
0.008693981282,7.391690663879551e9,0.3424888024303038,7.48113885680017e9,0.20666767473442854
0.008993773739999999,7.40435768732153e9,0.331448824125408,7.48114470484127e9,0.20664557221789312
0.009293566198,7.415231715439589e9,0.32100400064894885,7.481149697055484e9,0.20662669866356026
0.009593358656,7.424566543629013e9,0.31114550633144633,7.48115396725758e9,0.20661055064177603
0.009893151114,7.432580042985031e9,0.3018646299539023,7.48115762459389e9,0.2065967171974613
0.010192943572,7.439459245325295e9,0.2931524680979853,7.481160759622123e9,0.20658485710972344
0.010492736030000002,7.445364708436331e9,0.2849995955832337,7.481163448361092e9,0.2065746837461105
0.010792528487999999,7.450434263426911e9,0.2773957263363598,7.48116575512619e9,0.2065659544563966
0.011092320946,7.454786231650077e9,0.27032938243254545,7.481167734612153e9,0.20655846277813278
0.011392113404,7.458522186275387e9,0.26378759254224815,7.481169433488446e9,0.20655203246156165
0.011691905862,7.461729322965409e9,0.25775564278430724,7.481170891663249e9,0.2065465127310226
0.01199169832,7.464482494987035e9,0.25221690228705607,7.481172143310693e9,0.20654177442990046
0.012291490778,7.466845960256299e9,0.24715274214971258,7.481173217720956e9,0.2065377068268605
0.012591283235999999,7.468874881092025e9,0.2425425600198672,7.481174140012673e9,0.20653421493675056
0.012891075694,7.470616611681922e9,0.23836391378822916,7.481174931734968e9,0.20653121725445803
0.013190868151999999,7.472111803310085e9,0.23459275810964772,7.481175611379035e9,0.20652864382759817
0.01349066061,7.47339535314144e9,0.2312037680652954,7.481176194814461e9,0.2065264346115936
0.013790453067999999,7.474497218707392e9,0.22817072674560465,7.481176695662212e9,0.20652453806260904
0.014090245526,7.475443117102429e9,0.2254669489621228,7.481177125613968e9,0.20652290993223155
0.014390037984,7.476255125210662e9,0.22306571219588608,7.481177494705773e9,0.20652151223404802
0.014689830442000002,7.476952194971319e9,0.22094066809913174,7.48117781155271e9,0.20652031235711246
0.0149896229,7.477550595709312e9,0.21906621266638127,7.481178083550204e9,0.2065192823051658
0.015289415358000002,7.478064293854666e9,0.21741779953479592,7.481178317046755e9,0.2065183980436375
0.015589207816000001,7.478505278913313e9,0.2159721876603636,7.481178517492178e9,0.2065176389390917
0.015889000274,7.4788838432973e9,0.2147076209111602,7.481178689564846e9,0.20651698727799916
0.016188792732,7.479208822545493e9,0.21360394228470891,7.481178837280897e9,0.20651642785359445
0.01648858519,7.479487801541465e9,0.21264264918536888,7.481178964087981e9,0.20651594761118047
0.016788377648,7.479727291541601e9,0.21180689846560116,7.481179072945732e9,0.20651553534361103
0.017088170106,7.47993288214517e9,0.2110814709162271,7.481179166394853e9,0.2065151814298529
0.017387962564,7.480109371753305e9,0.2104527048656334,7.481179246616408e9,0.20651487761053494
0.017687755022000002,7.480260879561729e9,0.20990840782476147,7.481179315482741e9,0.20651461679525313
0.017987547479999998,7.480390941701117e9,0.20943775397721753,7.481179374601161e9,0.2065143928971393
0.018287339938,7.480502593768938e9,0.20903117399218296,7.481179425351471e9,0.2065142006908381
0.018587132396,7.480598441679083e9,0.20868024229987647,7.481179468918161e9,0.2065140356905801
0.018886924854000002,7.480680722482817e9,0.20837756572441832,7.481179506318062e9,0.20651389404550913
0.019186717312,7.480751356580659e9,0.20811667627804792,7.48117953842407e9,0.20651377244982147
0.01948650977,7.480811992543746e9,0.20789193000877082,7.481179565985531e9,0.20651366806562252
0.019786302228,7.480864045590813e9,0.20769841306135647,7.481179589645713e9,0.2065135784567008
0.020086094686,7.480908730618822e9,0.20753185554516093,7.481179609956837e9,0.2065135015316744
0.020385887144,7.480947090558169e9,0.20738855337997214,7.481179627392958e9,0.2065134354951843
0.020685679602,7.480980020714245e9,0.20726529798884685,7.481179642361026e9,0.206513378805995
0.020985472060000003,7.481008289663509e9,0.20715931350111874,7.481179655210389e9,0.20651333014102546
0.021285264518,7.48103255719175e9,0.20706820099803974,7.481179666240948e9,0.206513288364471
0.021585056975999998,7.481053389693212e9,0.2069898892595316,7.48117967571015e9,0.20651325250129557
0.021884849434,7.481071273390014e9,0.20692259143813552,7.481179683839003e9,0.2065132217144759
0.022184641892,7.48108662568037e9,0.20686476708335527,7.481179690817229e9,0.20651319528546647
0.022484434350000002,7.481099804880499e9,0.20681508895677148,7.4811796968077e9,0.20651317259742963
0.022784226808,7.481111118587576e9,0.20677241410841102,7.481179701950232e9,0.20651315312083934
0.023084019265999997,7.481120830858924e9,0.20673575872258243,7.481179706364846e9,0.20651313640112245
0.023383811724,7.4811291683750105e9,0.20670427628289498,7.48117971015458e9,0.2065131220480494
0.023683604182,7.48113632573007e9,0.20667723864877635,7.481179713407884e9,0.2065131097266267
0.02398339664,7.481142469973863e9,0.206654019677653,7.481179716200686e9,0.2065130991492784
0.024283189098,7.481147744510542e9,0.20663408106687928,7.481179718598174e9,0.2065130900691342
0.024582981556,7.481152272445648e9,0.206616960126778,7.481179720656302e9,0.2065130822742678
0.024882774014,7.481156159459348e9,0.2066022592304135,7.481179722423105e9,0.2065130755827506
0.025182566471999998,7.481159496272962e9,0.20658963671681604,7.481179723939821e9,0.2065130698384056
0.02548235893,7.481162360766363e9,0.20657879905233517,7.481179725241848e9,0.20651306490716234
0.025782151388,7.481164819795662e9,0.20656949407974096,7.481179726359574e9,0.20651306067392777
0.026081943846000002,7.481166930753605e9,0.2065615052068026,7.48117972731909e9,0.20651305703990006
0.026381736303999998,7.48116874290909e9,0.20655464640557608,7.481179728142787e9,0.2065130539202626
0.026681528762,7.481170298557091e9,0.20654875791075888,7.481179728849892e9,0.20651305124220426
0.02698132122,7.4811716340058e9,0.20654370252045956,7.481179729456906e9,0.20651304894322042
0.027281113678,7.481172780424047e9,0.20653936241580884,7.481179729977999e9,0.2065130469696537
0.027580906135999998,7.481173764568769e9,0.20653563642722467,7.481179730425332e9,0.2065130452754419
0.027880698594,7.481174609409503e9,0.20653243768503274,7.481179730809346e9,0.20651304382104282
0.028180491052,7.481175334664487e9,0.20652969160072016,7.481179731139003e9,0.2065130425725114
0.02848028351,7.4811759572608795e9,0.20652733413252555,7.481179731421998e9,0.20651304150070746
0.028780075968,7.481176491729826e9,0.20652531029548893,7.481179731664936e9,0.20651304058061548
0.029079868425999997,7.481176950545615e9,0.20652357288163298,7.4811797318734865e9,0.2065130397907609
0.029379660884000004,7.48117734441682e9,0.2065220813607337,7.481179732052518e9,0.2065130391127089
0.029679453342,7.481177682536236e9,0.2065208009362673,7.481179732206207e9,0.20651303853063402
0.0299792458,7.481177972795431e9,0.2065197017346782,7.481179732338142e9,0.20651303803095078
0.030279038257999998,7.481178221968938e9,0.20651875810917775,7.481179732451403e9,0.20651303760199685
0.030578830716000004,7.481178435872366e9,0.20651794804192158,7.481179732548631e9,0.20651303723376063
0.030878623174000003,7.481178619498131e9,0.20651725263068466,7.481179732632096e9,0.20651303691764758
0.031178415632000002,7.481178777131987e9,0.2065166556481053,7.481179732703748e9,0.2065130366462798
0.03147820809,7.481178912453041e9,0.2065161431632509,7.481179732765257e9,0.20651303641332364
0.031778000548,7.481179028619636e9,0.20651570321670049,7.481179732818059e9,0.20651303621334205
0.032077793006,7.481179128343048e9,0.20651532554158278,7.481179732863386e9,0.2065130360416675
0.032377585464,7.481179213950784e9,0.20651500132407388,7.481179732902297e9,0.2065130358942932
0.032677377922,7.481179287440892e9,0.20651472299777623,7.481179732935701e9,0.20651303576777946
0.03297717038,7.481179350528604e9,0.20651448406718842,7.481179732964377e9,0.2065130356591735
0.033276962837999996,7.4811794046863575e9,0.20651427895615176,7.481179732988994e9,0.20651303556594056
0.033576755296,7.481179451178175e9,0.2065141028777412,7.481179733010126e9,0.20651303548590455
0.033876547754,7.481179491089157e9,0.20651395172256676,7.481179733028268e9,0.20651303541719754
0.034176340212,7.481179525350809e9,0.20651382196288187,7.48117973304384e9,0.20651303535821586
0.03447613267,7.481179554762783e9,0.2065137105702615,7.48117973305721e9,0.20651303530758294
0.034775925128,7.481179580011542e9,0.2065136149449307,7.481179733068686e9,0.20651303526411702
0.035075717586000005,7.481179601686384e9,0.2065135328550946,7.481179733078539e9,0.20651303522680364
0.035375510044000004,7.481179620293189e9,0.20651346238485518,7.481179733086998e9,0.2065130351947719
0.035675302501999996,7.481179636266233e9,0.20651340188949913,7.481179733094259e9,0.2065130351672742
0.035975094959999995,7.481179649978321e9,0.20651334995711396,7.481179733100493e9,0.20651303514366876
0.036274887418,7.481179661749486e9,0.20651330537563714,7.4811797331058445e9,0.20651303512340463
0.036574679876,7.481179671854463e9,0.20651326710456847,7.481179733110439e9,0.20651303510600885
0.036874472334,7.481179680529098e9,0.20651323425068657,7.481179733114385e9,0.2065130350910754
0.037174264792,7.481179687975854e9,0.20651320604720252,7.481179733117769e9,0.20651303507825577
0.03747405725,7.481179694368535e9,0.20651318183586378,7.481179733120676e9,0.20651303506725074
0.037773849708000004,7.481179699856343e9,0.2065131610515915,7.481179733123171e9,0.20651303505780344
0.038073642166,7.481179704567362e9,0.20651314320929212,7.481179733125314e9,0.2065130350496934
0.038373434624,7.481179708611544e9,0.20651312789253579,7.481179733127153e9,0.20651303504273133
0.038673227082,7.481179712083279e9,0.20651311474383716,7.481179733128733e9,0.20651303503675472
0.03897301954,7.481179715063595e9,0.20651310345631213,7.481179733130088e9,0.2065130350316241
0.039272811998,7.481179717622053e9,0.20651309376651536,7.48117973313125e9,0.2065130350272197
0.039572604456,7.481179719818367e9,0.20651308544829153,7.481179733132249e9,0.20651303502343873
0.039872396914,7.481179721703795e9,0.20651307830749713,7.481179733133106e9,0.20651303502019297
0.040172189372,7.481179723322346e9,0.20651307217746925,7.481179733133842e9,0.20651303501740664
0.040471981829999996,7.481179724711794e9,0.20651306691513585,7.481179733134475e9,0.2065130350150147
0.040771774288,7.481179725904567e9,0.20651306239767633,7.481179733135018e9,0.20651303501296134
0.041071566746,7.481179726928507e9,0.20651305851965518,7.481179733135485e9,0.2065130350111986
0.041371359204,7.481179727807508e9,0.20651305519056107,7.481179733135885e9,0.20651303500968543
0.041671151662,7.48117972856209e9,0.20651305233269437,7.481179733136229e9,0.20651303500838641
0.041970944120000006,7.481179729209861e9,0.20651304987935368,7.481179733136523e9,0.20651303500727125
0.042270736578,7.481179729765944e9,0.20651304777327906,7.481179733136775e9,0.206513035006314
0.042570529036,7.481179730243313e9,0.2065130459653156,7.481179733136992e9,0.2065130350054922
0.042870321494,7.481179730653112e9,0.20651304441326623,7.48117973313718e9,0.20651303500478674
0.043170113951999996,7.481179731004905e9,0.20651304308090676,7.4811797331373415e9,0.2065130350041811
0.04346990641,7.481179731306902e9,0.20651304193714046,7.481179733137479e9,0.20651303500366122
0.043769698868,7.481179731566152e9,0.2065130409552723,7.481179733137596e9,0.20651303500321494
0.044069491326,7.481179731788706e9,0.20651304011238583,7.481179733137698e9,0.2065130350028318
0.044369283784,7.481179731979758e9,0.2065130393888085,7.481179733137784e9,0.2065130350025029
0.044669076242,7.481179732143766e9,0.2065130387676523,7.481179733137858e9,0.20651303500222057
0.044968868700000005,7.481179732284561e9,0.2065130382344197,7.481179733137924e9,0.2065130350019782
0.045268661158000004,7.481179732405427e9,0.20651303777666521,7.4811797331379795e9,0.20651303500177015
0.045568453616,7.481179732509184e9,0.2065130373837051,7.481179733138028e9,0.20651303500159152
0.045868246073999995,7.481179732598254e9,0.20651303704636784,7.48117973313807e9,0.2065130350014382
0.046168038531999994,7.481179732674717e9,0.20651303675678007,7.481179733138105e9,0.20651303500130658
0.04646783099,7.481179732740357e9,0.20651303650818292,7.481179733138136e9,0.20651303500119358
0.046767623448,7.481179732796707e9,0.2065130362947743,7.481179733138163e9,0.20651303500109658
0.047067415906,7.48117973284508e9,0.2065130361115733,7.4811797331381855e9,0.2065130350010133
0.047367208364,7.481179732886607e9,0.2065130359543041,7.481179733138206e9,0.20651303500094187
0.047667000822000004,7.4811797329222555e9,0.20651303581929606,7.481179733138223e9,0.2065130350008805
0.04796679328,7.481179732952858e9,0.20651303570339818,7.481179733138239e9,0.20651303500082782
0.048266585738,7.481179732979131e9,0.20651303560390544,7.481179733138251e9,0.2065130350007826
0.048566378196,7.481179733001682e9,0.20651303551849576,7.481179733138263e9,0.2065130350007438
0.048866170654,7.481179733021042e9,0.20651303544517566,7.481179733138273e9,0.20651303500071047
0.049165963112,7.4811797330376625e9,0.20651303538223387,7.481179733138283e9,0.20651303500068188
0.04946575557,7.481179733051931e9,0.20651303532820142,7.48117973313829e9,0.20651303500065732
0.049765548028,7.481179733064179e9,0.20651303528181714,7.481179733138297e9,0.20651303500063625
0.050065340486,7.481179733074695e9,0.2065130352419985,7.481179733138303e9,0.20651303500061816
0.050365132943999996,7.481179733083721e9,0.2065130352078161,7.481179733138309e9,0.20651303500060264
0.050664925402,7.481179733091471e9,0.2065130351784722,7.481179733138314e9,0.20651303500058932
0.05096471786,7.481179733098123e9,0.20651303515328184,7.481179733138319e9,0.20651303500057785
0.051264510318,7.481179733103833e9,0.20651303513165714,7.481179733138322e9,0.20651303500056803
0.051564302776,7.481179733108737e9,0.20651303511309338,7.481179733138325e9,0.20651303500055962
0.051864095234,7.4811797331129465e9,0.2065130350971573,7.481179733138328e9,0.20651303500055238
0.052163887692000005,7.481179733116559e9,0.20651303508347696,7.48117973313833e9,0.20651303500054616
0.05246368015,7.481179733119661e9,0.20651303507173302,7.481179733138333e9,0.20651303500054083
0.052763472607999996,7.481179733122325e9,0.20651303506165142,7.481179733138336e9,0.20651303500053625
0.053063265065999995,7.481179733124611e9,0.20651303505299687,7.481179733138339e9,0.20651303500053234
0.053363057524,7.481179733126574e9,0.20651303504556734,7.48117973313834e9,0.20651303500052895
0.053662849982,7.48117973312826e9,0.20651303503918947,7.481179733138342e9,0.20651303500052606
0.05396264244,7.481179733129706e9,0.20651303503371438,7.481179733138343e9,0.2065130350005236
0.054262434898,7.481179733130949e9,0.20651303502901425,7.481179733138343e9,0.20651303500052143
0.054562227356,7.481179733132015e9,0.20651303502497945,7.481179733138343e9,0.20651303500051962
0.054862019814000004,7.481179733132931e9,0.20651303502151575,7.481179733138343e9,0.20651303500051804
0.055161812271999996,7.481179733133718e9,0.20651303501854235,7.481179733138343e9,0.2065130350005167
0.05546160473,7.481179733134394e9,0.20651303501598978,7.481179733138342e9,0.20651303500051554
0.055761397188,7.481179733134974e9,0.20651303501379858,7.48117973313834e9,0.20651303500051454
0.056061189645999994,7.481179733135471e9,0.20651303501191753,7.481179733138339e9,0.20651303500051366
0.056360982104,7.4811797331359e9,0.20651303501030271,7.481179733138339e9,0.20651303500051293
0.05666077456199999,7.481179733136267e9,0.2065130350089165,7.481179733138339e9,0.2065130350005123
0.05696056702,7.481179733136583e9,0.2065130350077265,7.481179733138339e9,0.20651303500051174
0.057260359478000004,7.481179733136854e9,0.20651303500670495,7.481179733138339e9,0.20651303500051127
0.057560151936,7.481179733137088e9,0.206513035005828,7.481179733138339e9,0.20651303500051088
0.057859944394,7.481179733137288e9,0.20651303500507517,7.481179733138339e9,0.20651303500051055
0.058159736851999995,7.481179733137461e9,0.2065130350044289,7.481179733138339e9,0.20651303500051024
0.05845952931,7.4811797331376095e9,0.2065130350038741,7.481179733138339e9,0.20651303500051
0.05875932176800001,7.481179733137737e9,0.20651303500339788,7.481179733138339e9,0.20651303500050977
0.059059114226,7.481179733137848e9,0.206513035002989,7.481179733138339e9,0.20651303500050958
0.059358906684,7.481179733137942e9,0.20651303500263807,7.481179733138339e9,0.20651303500050944
0.05965869914199999,7.481179733138023e9,0.20651303500233678,7.481179733138339e9,0.20651303500050927
0.0599584916,7.481179733138094e9,0.20651303500207815,7.481179733138339e9,0.20651303500050916
0.060258284058,7.481179733138154e9,0.20651303500185614,7.481179733138339e9,0.20651303500050908
0.060558076515999995,7.4811797331382065e9,0.2065130350016655,7.481179733138339e9,0.206513035000509
0.060857868974,7.481179733138251e9,0.20651303500150192,7.481179733138339e9,0.20651303500050888
0.06115766143200001,7.481179733138289e9,0.20651303500136145,7.481179733138339e9,0.20651303500050883
0.06145745389,7.481179733138323e9,0.2065130350012409,7.481179733138339e9,0.20651303500050877
0.061757246348000006,7.481179733138351e9,0.20651303500113738,7.481179733138339e9,0.20651303500050872
0.062057038806,7.481179733138375e9,0.20651303500104853,7.481179733138339e9,0.2065130350005087
0.062356831264000004,7.481179733138395e9,0.20651303500097226,7.481179733138339e9,0.20651303500050866
0.06265662372200001,7.481179733138414e9,0.20651303500090679,7.481179733138339e9,0.20651303500050863
0.06295641618,7.48117973313843e9,0.20651303500085055,7.481179733138339e9,0.2065130350005086
0.06325620863800001,7.481179733138444e9,0.20651303500080231,7.481179733138339e9,0.20651303500050858
0.063556001096,7.481179733138455e9,0.2065130350007609,7.481179733138339e9,0.20651303500050855
0.063855793554,7.481179733138466e9,0.20651303500072535,7.481179733138339e9,0.20651303500050855
0.064155586012,7.481179733138474e9,0.20651303500069482,7.481179733138339e9,0.20651303500050855
0.06445537846999999,7.481179733138483e9,0.20651303500066862,7.481179733138339e9,0.20651303500050852
0.064755170928,7.48117973313849e9,0.2065130350006461,7.481179733138339e9,0.2065130350005085
0.06505496338599999,7.481179733138495e9,0.20651303500062682,7.481179733138339e9,0.2065130350005085
0.065354755844,7.481179733138501e9,0.20651303500061025,7.481179733138339e9,0.2065130350005085
0.065654548302,7.481179733138506e9,0.20651303500059603,7.481179733138339e9,0.2065130350005085
0.06595434076,7.48117973313851e9,0.20651303500058382,7.481179733138339e9,0.2065130350005085
0.066254133218,7.481179733138514e9,0.20651303500057333,7.481179733138339e9,0.2065130350005085
0.06655392567599999,7.481179733138517e9,0.20651303500056434,7.481179733138339e9,0.2065130350005085
0.066853718134,7.48117973313852e9,0.20651303500055662,7.481179733138339e9,0.2065130350005085
0.067153510592,7.481179733138523e9,0.20651303500054996,7.481179733138339e9,0.2065130350005085
0.06745330305,7.481179733138525e9,0.2065130350005443,7.481179733138339e9,0.2065130350005085
0.067753095508,7.481179733138527e9,0.2065130350005394,7.481179733138339e9,0.2065130350005085
0.068052887966,7.48117973313853e9,0.2065130350005352,7.481179733138339e9,0.2065130350005085
0.068352680424,7.481179733138532e9,0.20651303500053161,7.481179733138339e9,0.20651303500050847
0.068652472882,7.481179733138535e9,0.20651303500052853,7.481179733138339e9,0.20651303500050847
0.06895226534,7.481179733138536e9,0.2065130350005259,7.481179733138339e9,0.20651303500050844
0.069252057798,7.481179733138537e9,0.20651303500052362,7.481179733138339e9,0.20651303500050844
0.069551850256,7.481179733138538e9,0.20651303500052165,7.481179733138339e9,0.20651303500050844
0.069851642714,7.48117973313854e9,0.20651303500051998,7.481179733138339e9,0.20651303500050844
0.07015143517200001,7.481179733138541e9,0.20651303500051854,7.481179733138339e9,0.20651303500050844
0.07045122763,7.481179733138542e9,0.20651303500051732,7.481179733138339e9,0.20651303500050844
0.07075102008800001,7.481179733138543e9,0.20651303500051627,7.481179733138339e9,0.20651303500050844
0.071050812546,7.481179733138544e9,0.20651303500051535,7.481179733138339e9,0.20651303500050844
0.07135060500399999,7.481179733138546e9,0.20651303500051457,7.481179733138339e9,0.20651303500050844
0.071650397462,7.481179733138547e9,0.2065130350005139,7.481179733138339e9,0.20651303500050844
0.07195018991999999,7.481179733138548e9,0.20651303500051332,7.481179733138339e9,0.20651303500050844
0.072249982378,7.481179733138549e9,0.20651303500051285,7.481179733138339e9,0.20651303500050844
0.072549774836,7.48117973313855e9,0.20651303500051243,7.481179733138339e9,0.20651303500050844
0.072849567294,7.481179733138552e9,0.20651303500051207,7.481179733138339e9,0.20651303500050844
0.073149359752,7.481179733138553e9,0.20651303500051177,7.481179733138339e9,0.20651303500050844
0.07344915221,7.481179733138554e9,0.2065130350005115,7.481179733138339e9,0.20651303500050844
0.073748944668,7.481179733138555e9,0.20651303500051127,7.481179733138339e9,0.20651303500050844
0.074048737126,7.481179733138556e9,0.20651303500051107,7.481179733138339e9,0.20651303500050844
0.074348529584,7.481179733138557e9,0.2065130350005109,7.481179733138339e9,0.20651303500050844
0.074648322042,7.481179733138558e9,0.20651303500051077,7.481179733138339e9,0.20651303500050844
0.0749481145,7.481179733138559e9,0.20651303500051066,7.481179733138339e9,0.20651303500050844
0.075247906958,7.48117973313856e9,0.20651303500051055,7.481179733138339e9,0.20651303500050844
0.07554769941600001,7.481179733138561e9,0.2065130350005105,7.481179733138339e9,0.20651303500050844
0.075847491874,7.481179733138563e9,0.2065130350005104,7.481179733138339e9,0.20651303500050844
0.076147284332,7.481179733138564e9,0.20651303500051035,7.481179733138339e9,0.20651303500050844
0.07644707679,7.481179733138565e9,0.2065130350005103,7.481179733138339e9,0.20651303500050844
0.076746869248,7.481179733138566e9,0.20651303500051027,7.481179733138339e9,0.20651303500050844
0.07704666170600001,7.481179733138567e9,0.20651303500051021,7.481179733138339e9,0.20651303500050844
0.077346454164,7.481179733138569e9,0.20651303500051021,7.481179733138339e9,0.20651303500050844
0.077646246622,7.48117973313857e9,0.2065130350005102,7.481179733138339e9,0.20651303500050844
0.07794603908,7.481179733138571e9,0.20651303500051016,7.481179733138339e9,0.20651303500050844
0.078245831538,7.481179733138572e9,0.20651303500051013,7.481179733138339e9,0.20651303500050844
0.078545623996,7.481179733138573e9,0.20651303500051013,7.481179733138339e9,0.20651303500050844
0.07884541645399999,7.481179733138575e9,0.2065130350005101,7.481179733138339e9,0.20651303500050844
0.079145208912,7.481179733138576e9,0.2065130350005101,7.481179733138339e9,0.20651303500050844
0.07944500136999999,7.4811797331385765e9,0.2065130350005101,7.481179733138339e9,0.20651303500050844
0.079744793828,7.481179733138577e9,0.2065130350005101,7.481179733138339e9,0.20651303500050844
0.080044586286,7.481179733138578e9,0.2065130350005101,7.481179733138339e9,0.20651303500050844
0.080344378744,7.48117973313858e9,0.2065130350005101,7.481179733138339e9,0.20651303500050844
0.080644171202,7.481179733138581e9,0.2065130350005101,7.481179733138339e9,0.20651303500050844
0.08094396365999999,7.481179733138582e9,0.2065130350005101,7.481179733138339e9,0.20651303500050844
0.081243756118,7.481179733138583e9,0.2065130350005101,7.481179733138339e9,0.20651303500050844
0.081543548576,7.481179733138584e9,0.2065130350005101,7.481179733138339e9,0.20651303500050844
0.081843341034,7.481179733138586e9,0.2065130350005101,7.481179733138339e9,0.20651303500050844
0.082143133492,7.481179733138587e9,0.2065130350005101,7.481179733138339e9,0.20651303500050844
0.08244292595000001,7.481179733138588e9,0.2065130350005101,7.481179733138339e9,0.20651303500050844
0.082742718408,7.481179733138589e9,0.2065130350005101,7.481179733138339e9,0.20651303500050844
0.08304251086600001,7.48117973313859e9,0.20651303500051013,7.481179733138339e9,0.20651303500050844
0.083342303324,7.481179733138592e9,0.20651303500051013,7.481179733138339e9,0.20651303500050844
0.083642095782,7.481179733138593e9,0.20651303500051013,7.481179733138339e9,0.20651303500050844
0.08394188824000001,7.481179733138594e9,0.20651303500051016,7.481179733138339e9,0.20651303500050844
0.084241680698,7.481179733138595e9,0.20651303500051016,7.481179733138339e9,0.20651303500050844
0.084541473156,7.481179733138596e9,0.20651303500051016,7.481179733138339e9,0.20651303500050844
0.08484126561399999,7.4811797331385975e9,0.20651303500051016,7.481179733138339e9,0.20651303500050844
0.085141058072,7.481179733138598e9,0.2065130350005102,7.481179733138339e9,0.20651303500050844
0.08544085053,7.481179733138599e9,0.2065130350005102,7.481179733138339e9,0.20651303500050844
0.085740642988,7.4811797331386e9,0.2065130350005102,7.481179733138339e9,0.20651303500050844
0.086040435446,7.481179733138601e9,0.20651303500051021,7.481179733138339e9,0.20651303500050844
0.08634022790399999,7.481179733138603e9,0.20651303500051021,7.481179733138339e9,0.20651303500050844
0.086640020362,7.481179733138604e9,0.20651303500051021,7.481179733138339e9,0.20651303500050844
0.08693981282,7.481179733138605e9,0.20651303500051021,7.481179733138339e9,0.20651303500050844
0.087239605278,7.481179733138606e9,0.20651303500051021,7.481179733138339e9,0.20651303500050844
0.087539397736,7.481179733138607e9,0.20651303500051024,7.481179733138339e9,0.20651303500050844
0.087839190194,7.481179733138609e9,0.20651303500051024,7.481179733138339e9,0.20651303500050844
0.088138982652,7.48117973313861e9,0.20651303500051027,7.481179733138339e9,0.20651303500050844
0.08843877511,7.481179733138611e9,0.20651303500051027,7.481179733138339e9,0.20651303500050844
0.088738567568,7.481179733138612e9,0.20651303500051027,7.481179733138339e9,0.20651303500050844
0.089038360026,7.481179733138613e9,0.20651303500051027,7.481179733138339e9,0.20651303500050844
0.089338152484,7.481179733138615e9,0.20651303500051027,7.481179733138339e9,0.20651303500050844
0.089637944942,7.481179733138616e9,0.2065130350005103,7.481179733138339e9,0.20651303500050844
0.08993773740000001,7.481179733138617e9,0.2065130350005103,7.481179733138339e9,0.20651303500050844
0.090237529858,7.4811797331386175e9,0.2065130350005103,7.481179733138339e9,0.20651303500050844
0.09053732231600001,7.481179733138618e9,0.20651303500051033,7.481179733138339e9,0.20651303500050844
0.090837114774,7.48117973313862e9,0.20651303500051033,7.481179733138339e9,0.20651303500050844
0.091136907232,7.481179733138621e9,0.20651303500051033,7.481179733138339e9,0.20651303500050844
0.09143669969,7.481179733138622e9,0.20651303500051033,7.481179733138339e9,0.20651303500050844
0.09173649214799999,7.481179733138623e9,0.20651303500051033,7.481179733138339e9,0.20651303500050844
0.092036284606,7.481179733138624e9,0.20651303500051035,7.481179733138339e9,0.20651303500050844
0.09233607706399999,7.481179733138626e9,0.20651303500051035,7.481179733138339e9,0.20651303500050844
0.092635869522,7.481179733138627e9,0.20651303500051038,7.481179733138339e9,0.20651303500050844
0.09293566198,7.481179733138628e9,0.20651303500051038,7.481179733138339e9,0.20651303500050844
0.09323545443799999,7.481179733138629e9,0.20651303500051038,7.481179733138339e9,0.20651303500050844
0.093535246896,7.48117973313863e9,0.20651303500051038,7.481179733138339e9,0.20651303500050844
0.093835039354,7.481179733138632e9,0.20651303500051038,7.481179733138339e9,0.20651303500050844
0.094134831812,7.481179733138633e9,0.2065130350005104,7.481179733138339e9,0.20651303500050844
0.09443462427,7.481179733138634e9,0.2065130350005104,7.481179733138339e9,0.20651303500050844
0.094734416728,7.481179733138635e9,0.20651303500051044,7.481179733138339e9,0.20651303500050844
0.095034209186,7.481179733138636e9,0.20651303500051044,7.481179733138339e9,0.20651303500050844
0.09533400164400001,7.481179733138638e9,0.20651303500051044,7.481179733138339e9,0.20651303500050844
0.095633794102,7.4811797331386385e9,0.20651303500051044,7.481179733138339e9,0.20651303500050844
0.09593358656,7.481179733138639e9,0.20651303500051046,7.481179733138339e9,0.20651303500050844
0.096233379018,7.48117973313864e9,0.20651303500051046,7.481179733138339e9,0.20651303500050844
0.096533171476,7.481179733138641e9,0.20651303500051046,7.481179733138339e9,0.20651303500050844
0.09683296393400001,7.481179733138643e9,0.2065130350005105,7.481179733138339e9,0.20651303500050844
0.097132756392,7.481179733138644e9,0.2065130350005105,7.481179733138339e9,0.20651303500050844
0.09743254885000001,7.481179733138645e9,0.2065130350005105,7.481179733138339e9,0.20651303500050844
0.097732341308,7.481179733138646e9,0.2065130350005105,7.481179733138339e9,0.20651303500050844
0.09803213376600001,7.481179733138647e9,0.2065130350005105,7.481179733138339e9,0.20651303500050844
0.098331926224,7.481179733138649e9,0.20651303500051052,7.481179733138339e9,0.20651303500050844
0.09863171868199999,7.48117973313865e9,0.20651303500051052,7.481179733138339e9,0.20651303500050844
0.09893151114,7.481179733138651e9,0.20651303500051055,7.481179733138339e9,0.20651303500050844
0.09923130359799999,7.481179733138652e9,0.20651303500051055,7.481179733138339e9,0.20651303500050844
0.099531096056,7.481179733138653e9,0.20651303500051055,7.481179733138339e9,0.20651303500050844
0.099830888514,7.481179733138655e9,0.20651303500051055,7.481179733138339e9,0.20651303500050844
0.100130680972,7.481179733138656e9,0.20651303500051055,7.481179733138339e9,0.20651303500050844
0.10043047343,7.481179733138657e9,0.20651303500051058,7.481179733138339e9,0.20651303500050844
0.10073026588799999,7.481179733138658e9,0.20651303500051058,7.481179733138339e9,0.20651303500050844
0.101030058346,7.481179733138659e9,0.2065130350005106,7.481179733138339e9,0.20651303500050844
0.101329850804,7.48117973313866e9,0.2065130350005106,7.481179733138339e9,0.20651303500050844
0.101629643262,7.481179733138661e9,0.2065130350005106,7.481179733138339e9,0.20651303500050844
0.10192943572,7.481179733138662e9,0.2065130350005106,7.481179733138339e9,0.20651303500050844
0.102229228178,7.481179733138663e9,0.2065130350005106,7.481179733138339e9,0.20651303500050844
0.102529020636,7.481179733138664e9,0.20651303500051063,7.481179733138339e9,0.20651303500050844
0.10282881309400001,7.481179733138666e9,0.20651303500051063,7.481179733138339e9,0.20651303500050844
0.103128605552,7.481179733138667e9,0.20651303500051063,7.481179733138339e9,0.20651303500050844
0.10342839801,7.481179733138668e9,0.20651303500051066,7.481179733138339e9,0.20651303500050844
0.103728190468,7.481179733138669e9,0.20651303500051066,7.481179733138339e9,0.20651303500050844
0.104027982926,7.48117973313867e9,0.20651303500051066,7.481179733138339e9,0.20651303500050844
0.10432777538400001,7.481179733138672e9,0.20651303500051066,7.481179733138339e9,0.20651303500050844
0.104627567842,7.481179733138673e9,0.2065130350005107,7.481179733138339e9,0.20651303500050844
0.1049273603,7.481179733138674e9,0.2065130350005107,7.481179733138339e9,0.20651303500050844
0.105227152758,7.481179733138675e9,0.20651303500051071,7.481179733138339e9,0.20651303500050844
0.10552694521599999,7.481179733138676e9,0.20651303500051071,7.481179733138339e9,0.20651303500050844
0.105826737674,7.481179733138678e9,0.20651303500051071,7.481179733138339e9,0.20651303500050844
0.10612653013199999,7.481179733138679e9,0.20651303500051071,7.481179733138339e9,0.20651303500050844
0.10642632259,7.4811797331386795e9,0.20651303500051071,7.481179733138339e9,0.20651303500050844
0.106726115048,7.48117973313868e9,0.20651303500051074,7.481179733138339e9,0.20651303500050844
0.107025907506,7.481179733138681e9,0.20651303500051074,7.481179733138339e9,0.20651303500050844
0.107325699964,7.481179733138683e9,0.20651303500051074,7.481179733138339e9,0.20651303500050844
0.107625492422,7.481179733138684e9,0.20651303500051074,7.481179733138339e9,0.20651303500050844
0.10792528488,7.481179733138685e9,0.20651303500051077,7.481179733138339e9,0.20651303500050844
0.108225077338,7.481179733138686e9,0.20651303500051077,7.481179733138339e9,0.20651303500050844
0.108524869796,7.481179733138687e9,0.20651303500051077,7.481179733138339e9,0.20651303500050844
0.108824662254,7.481179733138689e9,0.2065130350005108,7.481179733138339e9,0.20651303500050844
0.109124454712,7.48117973313869e9,0.2065130350005108,7.481179733138339e9,0.20651303500050844
0.10942424717,7.481179733138691e9,0.20651303500051083,7.481179733138339e9,0.20651303500050844
0.10972403962800001,7.481179733138692e9,0.20651303500051083,7.481179733138339e9,0.20651303500050844
0.11002383208600001,7.481179733138693e9,0.20651303500051083,7.481179733138339e9,0.20651303500050844
0.11032362454399999,7.481179733138695e9,0.20651303500051083,7.481179733138339e9,0.20651303500050844
0.110623417002,7.481179733138696e9,0.20651303500051083,7.481179733138339e9,0.20651303500050844
0.11092320946,7.481179733138697e9,0.20651303500051085,7.481179733138339e9,0.20651303500050844
0.11122300191800001,7.481179733138698e9,0.20651303500051085,7.481179733138339e9,0.20651303500050844
0.111522794376,7.481179733138699e9,0.20651303500051088,7.481179733138339e9,0.20651303500050844
0.111822586834,7.4811797331387005e9,0.20651303500051088,7.481179733138339e9,0.20651303500050844
0.11212237929199999,7.481179733138701e9,0.20651303500051088,7.481179733138339e9,0.20651303500050844
0.11242217175,7.481179733138702e9,0.20651303500051088,7.481179733138339e9,0.20651303500050844
0.112721964208,7.481179733138703e9,0.2065130350005109,7.481179733138339e9,0.20651303500050844
0.113021756666,7.481179733138704e9,0.2065130350005109,7.481179733138339e9,0.20651303500050844
0.11332154912399998,7.481179733138706e9,0.2065130350005109,7.481179733138339e9,0.20651303500050844
0.11362134158199999,7.481179733138707e9,0.2065130350005109,7.481179733138339e9,0.20651303500050844
0.11392113404,7.481179733138708e9,0.20651303500051094,7.481179733138339e9,0.20651303500050844
0.114220926498,7.481179733138709e9,0.20651303500051094,7.481179733138339e9,0.20651303500050844
0.11452071895600001,7.48117973313871e9,0.20651303500051094,7.481179733138339e9,0.20651303500050844
0.11482051141399999,7.481179733138712e9,0.20651303500051096,7.481179733138339e9,0.20651303500050844
0.115120303872,7.481179733138713e9,0.20651303500051096,7.481179733138339e9,0.20651303500050844
0.11542009633,7.481179733138714e9,0.20651303500051096,7.481179733138339e9,0.20651303500050844
0.115719888788,7.481179733138715e9,0.206513035000511,7.481179733138339e9,0.20651303500050844
0.11601968124600001,7.481179733138716e9,0.206513035000511,7.481179733138339e9,0.20651303500050844
0.11631947370399999,7.481179733138718e9,0.206513035000511,7.481179733138339e9,0.20651303500050844
0.116619266162,7.481179733138719e9,0.206513035000511,7.481179733138339e9,0.20651303500050844
0.11691905862,7.48117973313872e9,0.206513035000511,7.481179733138339e9,0.20651303500050844
0.11721885107800001,7.4811797331387205e9,0.20651303500051102,7.481179733138339e9,0.20651303500050844
0.11751864353600001,7.481179733138721e9,0.20651303500051102,7.481179733138339e9,0.20651303500050844
0.11781843599399999,7.481179733138723e9,0.20651303500051102,7.481179733138339e9,0.20651303500050844
0.118118228452,7.481179733138724e9,0.20651303500051105,7.481179733138339e9,0.20651303500050844
0.11841802091,7.481179733138725e9,0.20651303500051105,7.481179733138339e9,0.20651303500050844
0.118717813368,7.481179733138726e9,0.20651303500051105,7.481179733138339e9,0.20651303500050844
0.119017605826,7.481179733138727e9,0.20651303500051105,7.481179733138339e9,0.20651303500050844
0.11931739828399998,7.481179733138729e9,0.20651303500051107,7.481179733138339e9,0.20651303500050844
0.11961719074199999,7.48117973313873e9,0.20651303500051107,7.481179733138339e9,0.20651303500050844
0.1199169832,7.481179733138731e9,0.20651303500051107,7.481179733138339e9,0.20651303500050844
0.120216775658,7.481179733138732e9,0.20651303500051107,7.481179733138339e9,0.20651303500050844
0.120516568116,7.481179733138733e9,0.2065130350005111,7.481179733138339e9,0.20651303500050844
0.12081636057400001,7.481179733138735e9,0.2065130350005111,7.481179733138339e9,0.20651303500050844
0.12111615303199999,7.481179733138736e9,0.2065130350005111,7.481179733138339e9,0.20651303500050844
0.12141594549,7.481179733138737e9,0.2065130350005111,7.481179733138339e9,0.20651303500050844
0.121715737948,7.481179733138738e9,0.20651303500051113,7.481179733138339e9,0.20651303500050844
0.12201553040600001,7.481179733138739e9,0.20651303500051116,7.481179733138339e9,0.20651303500050844
0.12231532286400001,7.481179733138741e9,0.20651303500051116,7.481179733138339e9,0.20651303500050844
0.12261511532199999,7.4811797331387415e9,0.20651303500051116,7.481179733138339e9,0.20651303500050844
0.12291490778,7.481179733138742e9,0.20651303500051116,7.481179733138339e9,0.20651303500050844
0.123214700238,7.481179733138743e9,0.20651303500051116,7.481179733138339e9,0.20651303500050844
0.12351449269600001,7.481179733138744e9,0.20651303500051119,7.481179733138339e9,0.20651303500050844
0.12381428515400002,7.481179733138746e9,0.20651303500051119,7.481179733138339e9,0.20651303500050844
0.124114077612,7.481179733138747e9,0.20651303500051119,7.481179733138339e9,0.20651303500050844
0.12441387007,7.481179733138748e9,0.2065130350005112,7.481179733138339e9,0.20651303500050844
0.12471366252800001,7.481179733138749e9,0.2065130350005112,7.481179733138339e9,0.20651303500050844
0.125013454986,7.48117973313875e9,0.2065130350005112,7.481179733138339e9,0.20651303500050844
0.12531324744400002,7.481179733138752e9,0.2065130350005112,7.481179733138339e9,0.20651303500050844
0.12561303990199998,7.481179733138753e9,0.2065130350005112,7.481179733138339e9,0.20651303500050844
0.12591283236,7.481179733138754e9,0.20651303500051124,7.481179733138339e9,0.20651303500050844
0.126212624818,7.481179733138755e9,0.20651303500051124,7.481179733138339e9,0.20651303500050844
0.12651241727600002,7.481179733138756e9,0.20651303500051124,7.481179733138339e9,0.20651303500050844
0.126812209734,7.481179733138758e9,0.20651303500051127,7.481179733138339e9,0.20651303500050844
0.127112002192,7.481179733138759e9,0.20651303500051127,7.481179733138339e9,0.20651303500050844
0.12741179465,7.48117973313876e9,0.20651303500051127,7.481179733138339e9,0.20651303500050844
0.127711587108,7.481179733138761e9,0.2065130350005113,7.481179733138339e9,0.20651303500050844
0.128011379566,7.4811797331387615e9,0.2065130350005113,7.481179733138339e9,0.20651303500050844
0.128311172024,7.481179733138763e9,0.2065130350005113,7.481179733138339e9,0.20651303500050844
0.128610964482,7.481179733138764e9,0.20651303500051132,7.481179733138339e9,0.20651303500050844
0.12891075693999998,7.481179733138765e9,0.20651303500051132,7.481179733138339e9,0.20651303500050844
0.129210549398,7.481179733138766e9,0.20651303500051132,7.481179733138339e9,0.20651303500050844
0.129510341856,7.481179733138767e9,0.20651303500051132,7.481179733138339e9,0.20651303500050844
0.12981013431400001,7.481179733138769e9,0.20651303500051135,7.481179733138339e9,0.20651303500050844
0.13010992677199998,7.48117973313877e9,0.20651303500051135,7.481179733138339e9,0.20651303500050844
0.13040971923,7.481179733138771e9,0.20651303500051135,7.481179733138339e9,0.20651303500050844
0.130709511688,7.481179733138772e9,0.20651303500051138,7.481179733138339e9,0.20651303500050844
0.131009304146,7.481179733138773e9,0.20651303500051138,7.481179733138339e9,0.20651303500050844
0.131309096604,7.481179733138775e9,0.20651303500051138,7.481179733138339e9,0.20651303500050844
0.131608889062,7.481179733138776e9,0.20651303500051138,7.481179733138339e9,0.20651303500050844
0.13190868152,7.481179733138777e9,0.2065130350005114,7.481179733138339e9,0.20651303500050844
0.132208473978,7.481179733138778e9,0.2065130350005114,7.481179733138339e9,0.20651303500050844
0.132508266436,7.481179733138779e9,0.2065130350005114,7.481179733138339e9,0.20651303500050844
0.13280805889400002,7.481179733138781e9,0.20651303500051144,7.481179733138339e9,0.20651303500050844
0.13310785135199998,7.481179733138782e9,0.20651303500051144,7.481179733138339e9,0.20651303500050844
0.13340764381,7.4811797331387825e9,0.20651303500051144,7.481179733138339e9,0.20651303500050844
0.133707436268,7.481179733138783e9,0.20651303500051146,7.481179733138339e9,0.20651303500050844
0.13400722872600002,7.481179733138784e9,0.20651303500051146,7.481179733138339e9,0.20651303500050844
0.134307021184,7.481179733138786e9,0.20651303500051146,7.481179733138339e9,0.20651303500050844
0.134606813642,7.481179733138787e9,0.2065130350005115,7.481179733138339e9,0.20651303500050844
0.1349066061,7.481179733138788e9,0.2065130350005115,7.481179733138339e9,0.20651303500050844
0.135206398558,7.481179733138789e9,0.2065130350005115,7.481179733138339e9,0.20651303500050844
0.135506191016,7.48117973313879e9,0.2065130350005115,7.481179733138339e9,0.20651303500050844
0.135805983474,7.481179733138792e9,0.2065130350005115,7.481179733138339e9,0.20651303500050844
0.136105775932,7.481179733138793e9,0.2065130350005115,7.481179733138339e9,0.20651303500050844
0.13640556838999998,7.481179733138794e9,0.20651303500051152,7.481179733138339e9,0.20651303500050844
0.136705360848,7.481179733138795e9,0.20651303500051152,7.481179733138339e9,0.20651303500050844
0.137005153306,7.481179733138796e9,0.20651303500051155,7.481179733138339e9,0.20651303500050844
0.137304945764,7.481179733138798e9,0.20651303500051155,7.481179733138339e9,0.20651303500050844
0.13760473822199998,7.481179733138799e9,0.20651303500051155,7.481179733138339e9,0.20651303500050844
0.13790453068,7.4811797331388e9,0.20651303500051155,7.481179733138339e9,0.20651303500050844
0.138204323138,7.481179733138801e9,0.20651303500051157,7.481179733138339e9,0.20651303500050844
0.138504115596,7.481179733138802e9,0.20651303500051157,7.481179733138339e9,0.20651303500050844
0.138803908054,7.4811797331388035e9,0.20651303500051157,7.481179733138339e9,0.20651303500050844
0.139103700512,7.481179733138804e9,0.2065130350005116,7.481179733138339e9,0.20651303500050844
0.13940349297,7.481179733138805e9,0.2065130350005116,7.481179733138339e9,0.20651303500050844
0.139703285428,7.481179733138806e9,0.2065130350005116,7.481179733138339e9,0.20651303500050844
0.140003077886,7.481179733138807e9,0.2065130350005116,7.481179733138339e9,0.20651303500050844
0.14030287034400002,7.481179733138809e9,0.2065130350005116,7.481179733138339e9,0.20651303500050844
0.14060266280199998,7.48117973313881e9,0.20651303500051163,7.481179733138339e9,0.20651303500050844
0.14090245526,7.481179733138811e9,0.20651303500051163,7.481179733138339e9,0.20651303500050844
0.141202247718,7.481179733138812e9,0.20651303500051166,7.481179733138339e9,0.20651303500050844
0.14150204017600002,7.481179733138813e9,0.20651303500051166,7.481179733138339e9,0.20651303500050844
0.141801832634,7.481179733138815e9,0.20651303500051166,7.481179733138339e9,0.20651303500050844
0.142101625092,7.481179733138816e9,0.20651303500051166,7.481179733138339e9,0.20651303500050844
0.14240141755,7.481179733138817e9,0.20651303500051166,7.481179733138339e9,0.20651303500050844
0.14270121000799998,7.481179733138818e9,0.20651303500051169,7.481179733138339e9,0.20651303500050844
0.143001002466,7.481179733138819e9,0.20651303500051169,7.481179733138339e9,0.20651303500050844
0.143300794924,7.481179733138821e9,0.2065130350005117,7.481179733138339e9,0.20651303500050844
0.14360058738200002,7.481179733138822e9,0.2065130350005117,7.481179733138339e9,0.20651303500050844
0.14390037983999998,7.481179733138823e9,0.2065130350005117,7.481179733138339e9,0.20651303500050844
0.144200172298,7.4811797331388235e9,0.2065130350005117,7.481179733138339e9,0.20651303500050844
0.144499964756,7.481179733138824e9,0.20651303500051174,7.481179733138339e9,0.20651303500050844
0.144799757214,7.481179733138826e9,0.20651303500051174,7.481179733138339e9,0.20651303500050844
0.145099549672,7.481179733138827e9,0.20651303500051174,7.481179733138339e9,0.20651303500050844
0.14539934213,7.481179733138828e9,0.20651303500051177,7.481179733138339e9,0.20651303500050844
0.145699134588,7.481179733138829e9,0.20651303500051177,7.481179733138339e9,0.20651303500050844
0.145998927046,7.48117973313883e9,0.20651303500051177,7.481179733138339e9,0.20651303500050844
0.146298719504,7.481179733138832e9,0.20651303500051177,7.481179733138339e9,0.20651303500050844
0.14659851196200002,7.481179733138833e9,0.20651303500051177,7.481179733138339e9,0.20651303500050844
0.14689830442,7.481179733138834e9,0.20651303500051177,7.481179733138339e9,0.20651303500050844
0.147198096878,7.481179733138835e9,0.2065130350005118,7.481179733138339e9,0.20651303500050844
0.147497889336,7.481179733138836e9,0.20651303500051182,7.481179733138339e9,0.20651303500050844
0.14779768179400002,7.481179733138838e9,0.20651303500051182,7.481179733138339e9,0.20651303500050844
0.148097474252,7.481179733138839e9,0.20651303500051182,7.481179733138339e9,0.20651303500050844
0.14839726671,7.48117973313884e9,0.20651303500051182,7.481179733138339e9,0.20651303500050844
0.148697059168,7.481179733138841e9,0.20651303500051182,7.481179733138339e9,0.20651303500050844
0.148996851626,7.481179733138842e9,0.20651303500051182,7.481179733138339e9,0.20651303500050844
0.149296644084,7.481179733138844e9,0.20651303500051185,7.481179733138339e9,0.20651303500050844
0.149596436542,7.4811797331388445e9,0.20651303500051188,7.481179733138339e9,0.20651303500050844
0.149896229,7.481179733138845e9,0.20651303500051188,7.481179733138339e9,0.20651303500050844
0.15019602145799998,7.481179733138846e9,0.20651303500051188,7.481179733138339e9,0.20651303500050844
0.150495813916,7.481179733138847e9,0.20651303500051188,7.481179733138339e9,0.20651303500050844
0.150795606374,7.481179733138849e9,0.2065130350005119,7.481179733138339e9,0.20651303500050844
0.15109539883200002,7.48117973313885e9,0.2065130350005119,7.481179733138339e9,0.20651303500050844
0.15139519128999998,7.481179733138851e9,0.2065130350005119,7.481179733138339e9,0.20651303500050844
0.151694983748,7.481179733138852e9,0.20651303500051194,7.481179733138339e9,0.20651303500050844
0.151994776206,7.481179733138853e9,0.20651303500051194,7.481179733138339e9,0.20651303500050844
0.152294568664,7.481179733138855e9,0.20651303500051194,7.481179733138339e9,0.20651303500050844
0.152594361122,7.481179733138856e9,0.20651303500051194,7.481179733138339e9,0.20651303500050844
0.15289415358,7.481179733138857e9,0.20651303500051194,7.481179733138339e9,0.20651303500050844
0.153193946038,7.481179733138858e9,0.20651303500051196,7.481179733138339e9,0.20651303500050844
0.153493738496,7.481179733138859e9,0.206513035000512,7.481179733138339e9,0.20651303500050844
0.153793530954,7.481179733138861e9,0.206513035000512,7.481179733138339e9,0.20651303500050844
0.15409332341200002,7.481179733138862e9,0.206513035000512,7.481179733138339e9,0.20651303500050844
0.15439311587,7.481179733138863e9,0.206513035000512,7.481179733138339e9,0.20651303500050844
0.154692908328,7.481179733138864e9,0.206513035000512,7.481179733138339e9,0.20651303500050844
0.154992700786,7.4811797331388645e9,0.20651303500051202,7.481179733138339e9,0.20651303500050844
0.155292493244,7.481179733138866e9,0.20651303500051202,7.481179733138339e9,0.20651303500050844
0.155592285702,7.481179733138867e9,0.20651303500051202,7.481179733138339e9,0.20651303500050844
0.15589207816,7.481179733138868e9,0.20651303500051205,7.481179733138339e9,0.20651303500050844
0.156191870618,7.481179733138869e9,0.20651303500051205,7.481179733138339e9,0.20651303500050844
0.156491663076,7.48117973313887e9,0.20651303500051205,7.481179733138339e9,0.20651303500050844
0.156791455534,7.481179733138872e9,0.20651303500051205,7.481179733138339e9,0.20651303500050844
0.157091247992,7.481179733138873e9,0.20651303500051205,7.481179733138339e9,0.20651303500050844
0.15739104045,7.481179733138874e9,0.20651303500051207,7.481179733138339e9,0.20651303500050844
0.15769083290799998,7.481179733138875e9,0.20651303500051207,7.481179733138339e9,0.20651303500050844
0.157990625366,7.481179733138876e9,0.2065130350005121,7.481179733138339e9,0.20651303500050844
0.158290417824,7.481179733138878e9,0.2065130350005121,7.481179733138339e9,0.20651303500050844
0.15859021028200002,7.481179733138879e9,0.2065130350005121,7.481179733138339e9,0.20651303500050844
0.15889000273999998,7.48117973313888e9,0.2065130350005121,7.481179733138339e9,0.20651303500050844
0.159189795198,7.481179733138881e9,0.2065130350005121,7.481179733138339e9,0.20651303500050844
0.159489587656,7.481179733138882e9,0.20651303500051213,7.481179733138339e9,0.20651303500050844
0.159789380114,7.481179733138884e9,0.20651303500051213,7.481179733138339e9,0.20651303500050844
0.160089172572,7.481179733138885e9,0.20651303500051216,7.481179733138339e9,0.20651303500050844
0.16038896503,7.4811797331388855e9,0.20651303500051216,7.481179733138339e9,0.20651303500050844
0.160688757488,7.481179733138886e9,0.20651303500051216,7.481179733138339e9,0.20651303500050844
0.160988549946,7.481179733138887e9,0.20651303500051216,7.481179733138339e9,0.20651303500050844
0.161288342404,7.481179733138889e9,0.20651303500051216,7.481179733138339e9,0.20651303500050844
0.16158813486200002,7.48117973313889e9,0.20651303500051219,7.481179733138339e9,0.20651303500050844
0.16188792731999999,7.481179733138891e9,0.20651303500051219,7.481179733138339e9,0.20651303500050844
0.162187719778,7.481179733138892e9,0.20651303500051219,7.481179733138339e9,0.20651303500050844
0.162487512236,7.481179733138893e9,0.2065130350005122,7.481179733138339e9,0.20651303500050844
0.162787304694,7.481179733138895e9,0.2065130350005122,7.481179733138339e9,0.20651303500050844
0.163087097152,7.481179733138896e9,0.2065130350005122,7.481179733138339e9,0.20651303500050844
0.16338688960999997,7.481179733138897e9,0.2065130350005122,7.481179733138339e9,0.20651303500050844
0.163686682068,7.481179733138898e9,0.20651303500051224,7.481179733138339e9,0.20651303500050844
0.163986474526,7.481179733138899e9,0.20651303500051224,7.481179733138339e9,0.20651303500050844
0.164286266984,7.481179733138901e9,0.20651303500051227,7.481179733138339e9,0.20651303500050844
0.164586059442,7.481179733138902e9,0.20651303500051227,7.481179733138339e9,0.20651303500050844
0.16488585190000002,7.481179733138903e9,0.20651303500051227,7.481179733138339e9,0.20651303500050844
0.16518564435799998,7.481179733138904e9,0.20651303500051227,7.481179733138339e9,0.20651303500050844
0.165485436816,7.481179733138905e9,0.20651303500051227,7.481179733138339e9,0.20651303500050844
0.165785229274,7.4811797331389065e9,0.2065130350005123,7.481179733138339e9,0.20651303500050844
0.16608502173200002,7.481179733138907e9,0.2065130350005123,7.481179733138339e9,0.20651303500050844
0.16638481419,7.481179733138908e9,0.2065130350005123,7.481179733138339e9,0.20651303500050844
0.166684606648,7.481179733138909e9,0.20651303500051232,7.481179733138339e9,0.20651303500050844
0.166984399106,7.48117973313891e9,0.20651303500051232,7.481179733138339e9,0.20651303500050844
0.167284191564,7.481179733138912e9,0.20651303500051232,7.481179733138339e9,0.20651303500050844
0.167583984022,7.481179733138913e9,0.20651303500051232,7.481179733138339e9,0.20651303500050844
0.16788377648000002,7.481179733138914e9,0.20651303500051232,7.481179733138339e9,0.20651303500050844
0.168183568938,7.481179733138915e9,0.20651303500051235,7.481179733138339e9,0.20651303500050844
0.168483361396,7.481179733138916e9,0.20651303500051235,7.481179733138339e9,0.20651303500050844
0.168783153854,7.481179733138918e9,0.20651303500051238,7.481179733138339e9,0.20651303500050844
0.169082946312,7.481179733138919e9,0.20651303500051238,7.481179733138339e9,0.20651303500050844
0.16938273877,7.48117973313892e9,0.20651303500051238,7.481179733138339e9,0.20651303500050844
0.16968253122799998,7.481179733138921e9,0.2065130350005124,7.481179733138339e9,0.20651303500050844
0.169982323686,7.481179733138922e9,0.2065130350005124,7.481179733138339e9,0.20651303500050844
0.170282116144,7.481179733138924e9,0.20651303500051243,7.481179733138339e9,0.20651303500050844
0.170581908602,7.481179733138925e9,0.20651303500051243,7.481179733138339e9,0.20651303500050844
0.17088170106,7.481179733138926e9,0.20651303500051243,7.481179733138339e9,0.20651303500050844
0.171181493518,7.4811797331389265e9,0.20651303500051243,7.481179733138339e9,0.20651303500050844
0.171481285976,7.481179733138927e9,0.20651303500051243,7.481179733138339e9,0.20651303500050844
0.171781078434,7.481179733138929e9,0.20651303500051243,7.481179733138339e9,0.20651303500050844
0.172080870892,7.48117973313893e9,0.20651303500051246,7.481179733138339e9,0.20651303500050844
0.17238066335000002,7.481179733138931e9,0.20651303500051246,7.481179733138339e9,0.20651303500050844
0.17268045580799998,7.481179733138932e9,0.20651303500051246,7.481179733138339e9,0.20651303500050844
0.172980248266,7.481179733138933e9,0.2065130350005125,7.481179733138339e9,0.20651303500050844
0.173280040724,7.481179733138935e9,0.2065130350005125,7.481179733138339e9,0.20651303500050844
0.17357983318200002,7.481179733138936e9,0.2065130350005125,7.481179733138339e9,0.20651303500050844
0.17387962564,7.481179733138937e9,0.2065130350005125,7.481179733138339e9,0.20651303500050844
0.174179418098,7.481179733138938e9,0.20651303500051252,7.481179733138339e9,0.20651303500050844
0.174479210556,7.481179733138939e9,0.20651303500051252,7.481179733138339e9,0.20651303500050844
0.174779003014,7.481179733138941e9,0.20651303500051255,7.481179733138339e9,0.20651303500050844
0.175078795472,7.481179733138942e9,0.20651303500051255,7.481179733138339e9,0.20651303500050844
0.17537858793,7.481179733138943e9,0.20651303500051255,7.481179733138339e9,0.20651303500050844
0.175678380388,7.481179733138944e9,0.20651303500051255,7.481179733138339e9,0.20651303500050844
0.175978172846,7.481179733138945e9,0.20651303500051257,7.481179733138339e9,0.20651303500050844
0.176277965304,7.481179733138947e9,0.20651303500051257,7.481179733138339e9,0.20651303500050844
0.176577757762,7.4811797331389475e9,0.20651303500051257,7.481179733138339e9,0.20651303500050844
0.17687755022,7.481179733138948e9,0.2065130350005126,7.481179733138339e9,0.20651303500050844
0.17717734267799998,7.481179733138949e9,0.2065130350005126,7.481179733138339e9,0.20651303500050844
0.177477135136,7.48117973313895e9,0.2065130350005126,7.481179733138339e9,0.20651303500050844
0.177776927594,7.481179733138952e9,0.2065130350005126,7.481179733138339e9,0.20651303500050844
0.178076720052,7.481179733138953e9,0.2065130350005126,7.481179733138339e9,0.20651303500050844
0.17837651251,7.481179733138954e9,0.20651303500051263,7.481179733138339e9,0.20651303500050844
0.178676304968,7.481179733138955e9,0.20651303500051263,7.481179733138339e9,0.20651303500050844
0.17897609742599999,7.481179733138956e9,0.20651303500051263,7.481179733138339e9,0.20651303500050844
0.179275889884,7.481179733138958e9,0.20651303500051266,7.481179733138339e9,0.20651303500050844
0.179575682342,7.481179733138959e9,0.20651303500051266,7.481179733138339e9,0.20651303500050844
0.17987547480000002,7.48117973313896e9,0.20651303500051266,7.481179733138339e9,0.20651303500050844
0.18017526725799998,7.481179733138961e9,0.20651303500051266,7.481179733138339e9,0.20651303500050844
0.180475059716,7.481179733138962e9,0.20651303500051268,7.481179733138339e9,0.20651303500050844
0.180774852174,7.481179733138964e9,0.20651303500051268,7.481179733138339e9,0.20651303500050844
0.18107464463200001,7.481179733138965e9,0.2065130350005127,7.481179733138339e9,0.20651303500050844
0.18137443709,7.481179733138966e9,0.2065130350005127,7.481179733138339e9,0.20651303500050844
0.181674229548,7.481179733138967e9,0.2065130350005127,7.481179733138339e9,0.20651303500050844
0.181974022006,7.4811797331389675e9,0.2065130350005127,7.481179733138339e9,0.20651303500050844
0.182273814464,7.481179733138969e9,0.2065130350005127,7.481179733138339e9,0.20651303500050844
0.182573606922,7.48117973313897e9,0.20651303500051274,7.481179733138339e9,0.20651303500050844
0.18287339938,7.481179733138971e9,0.20651303500051274,7.481179733138339e9,0.20651303500050844
0.183173191838,7.481179733138972e9,0.20651303500051274,7.481179733138339e9,0.20651303500050844
0.18347298429599998,7.481179733138973e9,0.20651303500051277,7.481179733138339e9,0.20651303500050844
0.183772776754,7.481179733138975e9,0.20651303500051277,7.481179733138339e9,0.20651303500050844
0.184072569212,7.481179733138976e9,0.20651303500051277,7.481179733138339e9,0.20651303500050844
0.18437236167,7.481179733138977e9,0.20651303500051277,7.481179733138339e9,0.20651303500050844
0.18467215412799998,7.481179733138978e9,0.20651303500051277,7.481179733138339e9,0.20651303500050844
0.184971946586,7.481179733138979e9,0.2065130350005128,7.481179733138339e9,0.20651303500050844
0.185271739044,7.481179733138981e9,0.2065130350005128,7.481179733138339e9,0.20651303500050844
0.185571531502,7.481179733138982e9,0.20651303500051282,7.481179733138339e9,0.20651303500050844
0.18587132396,7.481179733138983e9,0.20651303500051282,7.481179733138339e9,0.20651303500050844
0.186171116418,7.481179733138984e9,0.20651303500051282,7.481179733138339e9,0.20651303500050844
0.18647090887599999,7.481179733138985e9,0.20651303500051282,7.481179733138339e9,0.20651303500050844
0.186770701334,7.481179733138987e9,0.20651303500051285,7.481179733138339e9,0.20651303500050844
0.187070493792,7.481179733138988e9,0.20651303500051285,7.481179733138339e9,0.20651303500050844
0.18737028625000002,7.4811797331389885e9,0.20651303500051288,7.481179733138339e9,0.20651303500050844
0.187670078708,7.481179733138989e9,0.20651303500051288,7.481179733138339e9,0.20651303500050844
0.187969871166,7.48117973313899e9,0.20651303500051288,7.481179733138339e9,0.20651303500050844
0.188269663624,7.481179733138992e9,0.20651303500051288,7.481179733138339e9,0.20651303500050844
0.18856945608200001,7.481179733138993e9,0.2065130350005129,7.481179733138339e9,0.20651303500050844
0.18886924854,7.481179733138994e9,0.2065130350005129,7.481179733138339e9,0.20651303500050844
0.189169040998,7.481179733138995e9,0.2065130350005129,7.481179733138339e9,0.20651303500050844
0.189468833456,7.481179733138996e9,0.20651303500051293,7.481179733138339e9,0.20651303500050844
0.18976862591399998,7.481179733138998e9,0.20651303500051293,7.481179733138339e9,0.20651303500050844
0.190068418372,7.481179733138999e9,0.20651303500051293,7.481179733138339e9,0.20651303500050844
0.19036821083,7.481179733139e9,0.20651303500051293,7.481179733138339e9,0.20651303500050844
0.19066800328800002,7.481179733139001e9,0.20651303500051296,7.481179733138339e9,0.20651303500050844
0.19096779574599998,7.481179733139002e9,0.20651303500051296,7.481179733138339e9,0.20651303500050844
0.191267588204,7.481179733139004e9,0.20651303500051296,7.481179733138339e9,0.20651303500050844
0.191567380662,7.481179733139005e9,0.206513035000513,7.481179733138339e9,0.20651303500050844
0.19186717312,7.481179733139006e9,0.206513035000513,7.481179733138339e9,0.20651303500050844
0.192166965578,7.481179733139007e9,0.206513035000513,7.481179733138339e9,0.20651303500050844
0.192466758036,7.481179733139008e9,0.206513035000513,7.481179733138339e9,0.20651303500050844
0.192766550494,7.481179733139009e9,0.206513035000513,7.481179733138339e9,0.20651303500050844
0.193066342952,7.48117973313901e9,0.20651303500051302,7.481179733138339e9,0.20651303500050844
0.19336613541,7.481179733139011e9,0.20651303500051302,7.481179733138339e9,0.20651303500050844
0.19366592786800002,7.481179733139012e9,0.20651303500051305,7.481179733138339e9,0.20651303500050844
0.19396572032599999,7.481179733139013e9,0.20651303500051305,7.481179733138339e9,0.20651303500050844
0.194265512784,7.481179733139015e9,0.20651303500051305,7.481179733138339e9,0.20651303500050844
0.194565305242,7.481179733139016e9,0.20651303500051305,7.481179733138339e9,0.20651303500050844
0.19486509770000002,7.481179733139017e9,0.20651303500051305,7.481179733138339e9,0.20651303500050844
0.195164890158,7.481179733139018e9,0.20651303500051307,7.481179733138339e9,0.20651303500050844
0.195464682616,7.481179733139019e9,0.20651303500051307,7.481179733138339e9,0.20651303500050844
0.195764475074,7.481179733139021e9,0.2065130350005131,7.481179733138339e9,0.20651303500050844
0.19606426753200001,7.481179733139022e9,0.2065130350005131,7.481179733138339e9,0.20651303500050844
0.19636405999,7.481179733139023e9,0.2065130350005131,7.481179733138339e9,0.20651303500050844
0.196663852448,7.481179733139024e9,0.2065130350005131,7.481179733138339e9,0.20651303500050844
0.196963644906,7.481179733139025e9,0.20651303500051313,7.481179733138339e9,0.20651303500050844
0.19726343736399998,7.481179733139027e9,0.20651303500051313,7.481179733138339e9,0.20651303500050844
0.197563229822,7.481179733139028e9,0.20651303500051313,7.481179733138339e9,0.20651303500050844
0.19786302228,7.481179733139029e9,0.20651303500051316,7.481179733138339e9,0.20651303500050844
0.19816281473800001,7.4811797331390295e9,0.20651303500051316,7.481179733138339e9,0.20651303500050844
0.19846260719599998,7.48117973313903e9,0.20651303500051316,7.481179733138339e9,0.20651303500050844
0.198762399654,7.481179733139032e9,0.20651303500051316,7.481179733138339e9,0.20651303500050844
0.199062192112,7.481179733139033e9,0.20651303500051316,7.481179733138339e9,0.20651303500050844
0.19936198457,7.481179733139034e9,0.20651303500051318,7.481179733138339e9,0.20651303500050844
0.199661777028,7.481179733139035e9,0.20651303500051318,7.481179733138339e9,0.20651303500050844
0.199961569486,7.481179733139036e9,0.2065130350005132,7.481179733138339e9,0.20651303500050844
0.200261361944,7.481179733139038e9,0.2065130350005132,7.481179733138339e9,0.20651303500050844
0.200561154402,7.481179733139039e9,0.2065130350005132,7.481179733138339e9,0.20651303500050844
0.20086094686,7.48117973313904e9,0.2065130350005132,7.481179733138339e9,0.20651303500050844
0.20116073931800002,7.481179733139041e9,0.2065130350005132,7.481179733138339e9,0.20651303500050844
0.20146053177599998,7.481179733139042e9,0.2065130350005132,7.481179733138339e9,0.20651303500050844
0.201760324234,7.481179733139044e9,0.20651303500051324,7.481179733138339e9,0.20651303500050844
0.202060116692,7.481179733139045e9,0.20651303500051324,7.481179733138339e9,0.20651303500050844
0.20235990915000002,7.481179733139046e9,0.20651303500051327,7.481179733138339e9,0.20651303500050844
0.202659701608,7.481179733139047e9,0.20651303500051327,7.481179733138339e9,0.20651303500050844
0.202959494066,7.481179733139048e9,0.20651303500051327,7.481179733138339e9,0.20651303500050844
0.203259286524,7.48117973313905e9,0.20651303500051327,7.481179733138339e9,0.20651303500050844
0.20355907898199999,7.4811797331390505e9,0.2065130350005133,7.481179733138339e9,0.20651303500050844
0.20385887144,7.481179733139051e9,0.2065130350005133,7.481179733138339e9,0.20651303500050844
0.204158663898,7.481179733139052e9,0.2065130350005133,7.481179733138339e9,0.20651303500050844
0.204458456356,7.481179733139053e9,0.20651303500051332,7.481179733138339e9,0.20651303500050844
0.20475824881399998,7.481179733139055e9,0.20651303500051332,7.481179733138339e9,0.20651303500050844
0.205058041272,7.481179733139056e9,0.20651303500051332,7.481179733138339e9,0.20651303500050844
0.20535783373,7.481179733139057e9,0.20651303500051332,7.481179733138339e9,0.20651303500050844
0.20565762618800001,7.481179733139058e9,0.20651303500051332,7.481179733138339e9,0.20651303500050844
0.20595741864599998,7.481179733139059e9,0.20651303500051335,7.481179733138339e9,0.20651303500050844
0.206257211104,7.481179733139061e9,0.20651303500051338,7.481179733138339e9,0.20651303500050844
0.206557003562,7.481179733139062e9,0.20651303500051338,7.481179733138339e9,0.20651303500050844
0.20685679602,7.481179733139063e9,0.20651303500051338,7.481179733138339e9,0.20651303500050844
0.207156588478,7.481179733139064e9,0.20651303500051338,7.481179733138339e9,0.20651303500050844
0.207456380936,7.481179733139065e9,0.20651303500051338,7.481179733138339e9,0.20651303500050844
0.207756173394,7.481179733139067e9,0.20651303500051338,7.481179733138339e9,0.20651303500050844
0.208055965852,7.481179733139068e9,0.2065130350005134,7.481179733138339e9,0.20651303500050844
0.20835575831,7.481179733139069e9,0.20651303500051343,7.481179733138339e9,0.20651303500050844
0.20865555076800002,7.48117973313907e9,0.20651303500051343,7.481179733138339e9,0.20651303500050844
0.208955343226,7.4811797331390705e9,0.20651303500051343,7.481179733138339e9,0.20651303500050844
0.209255135684,7.481179733139072e9,0.20651303500051343,7.481179733138339e9,0.20651303500050844
0.209554928142,7.481179733139073e9,0.20651303500051346,7.481179733138339e9,0.20651303500050844
0.2098547206,7.481179733139074e9,0.20651303500051346,7.481179733138339e9,0.20651303500050844
0.210154513058,7.481179733139075e9,0.20651303500051346,7.481179733138339e9,0.20651303500050844
0.210454305516,7.481179733139076e9,0.20651303500051346,7.481179733138339e9,0.20651303500050844
0.210754097974,7.481179733139078e9,0.2065130350005135,7.481179733138339e9,0.20651303500050844
0.21105389043199999,7.481179733139079e9,0.2065130350005135,7.481179733138339e9,0.20651303500050844
0.21135368289,7.48117973313908e9,0.2065130350005135,7.481179733138339e9,0.20651303500050844
0.211653475348,7.481179733139081e9,0.2065130350005135,7.481179733138339e9,0.20651303500050844
0.21195326780600002,7.481179733139082e9,0.20651303500051352,7.481179733138339e9,0.20651303500050844
0.21225306026399998,7.481179733139084e9,0.20651303500051352,7.481179733138339e9,0.20651303500050844
0.212552852722,7.481179733139085e9,0.20651303500051355,7.481179733138339e9,0.20651303500050844
0.21285264518,7.481179733139086e9,0.20651303500051355,7.481179733138339e9,0.20651303500050844
0.21315243763800001,7.481179733139087e9,0.20651303500051355,7.481179733138339e9,0.20651303500050844
0.213452230096,7.481179733139088e9,0.20651303500051355,7.481179733138339e9,0.20651303500050844
0.213752022554,7.48117973313909e9,0.20651303500051355,7.481179733138339e9,0.20651303500050844
0.214051815012,7.481179733139091e9,0.20651303500051355,7.481179733138339e9,0.20651303500050844
0.21435160747,7.4811797331390915e9,0.20651303500051357,7.481179733138339e9,0.20651303500050844
0.214651399928,7.481179733139092e9,0.20651303500051357,7.481179733138339e9,0.20651303500050844
0.21495119238600002,7.481179733139093e9,0.2065130350005136,7.481179733138339e9,0.20651303500050844
0.215250984844,7.481179733139095e9,0.2065130350005136,7.481179733138339e9,0.20651303500050844
0.215550777302,7.481179733139096e9,0.2065130350005136,7.481179733138339e9,0.20651303500050844
0.21585056976,7.481179733139097e9,0.2065130350005136,7.481179733138339e9,0.20651303500050844
0.216150362218,7.481179733139098e9,0.20651303500051363,7.481179733138339e9,0.20651303500050844
0.216450154676,7.481179733139099e9,0.20651303500051363,7.481179733138339e9,0.20651303500050844
0.216749947134,7.481179733139101e9,0.20651303500051366,7.481179733138339e9,0.20651303500050844
0.217049739592,7.481179733139102e9,0.20651303500051366,7.481179733138339e9,0.20651303500050844
0.21734953205,7.481179733139103e9,0.20651303500051366,7.481179733138339e9,0.20651303500050844
0.217649324508,7.481179733139104e9,0.20651303500051366,7.481179733138339e9,0.20651303500050844
0.217949116966,7.481179733139105e9,0.20651303500051366,7.481179733138339e9,0.20651303500050844
0.218248909424,7.481179733139107e9,0.20651303500051368,7.481179733138339e9,0.20651303500050844
0.21854870188199998,7.481179733139108e9,0.20651303500051368,7.481179733138339e9,0.20651303500050844
0.21884849434,7.481179733139109e9,0.2065130350005137,7.481179733138339e9,0.20651303500050844
0.219148286798,7.48117973313911e9,0.2065130350005137,7.481179733138339e9,0.20651303500050844
0.21944807925600002,7.481179733139111e9,0.2065130350005137,7.481179733138339e9,0.20651303500050844
0.219747871714,7.481179733139112e9,0.2065130350005137,7.481179733138339e9,0.20651303500050844
0.22004766417200003,7.481179733139113e9,0.2065130350005137,7.481179733138339e9,0.20651303500050844
0.22034745663000002,7.481179733139114e9,0.2065130350005137,7.481179733138339e9,0.20651303500050844
0.22064724908799999,7.481179733139115e9,0.20651303500051374,7.481179733138339e9,0.20651303500050844
0.22094704154599998,7.481179733139116e9,0.20651303500051374,7.481179733138339e9,0.20651303500050844
0.221246834004,7.481179733139118e9,0.20651303500051374,7.481179733138339e9,0.20651303500050844
0.221546626462,7.481179733139119e9,0.20651303500051377,7.481179733138339e9,0.20651303500050844
0.22184641892,7.48117973313912e9,0.20651303500051377,7.481179733138339e9,0.20651303500050844
0.222146211378,7.481179733139121e9,0.20651303500051377,7.481179733138339e9,0.20651303500050844
0.22244600383600002,7.481179733139122e9,0.20651303500051377,7.481179733138339e9,0.20651303500050844
0.22274579629400001,7.481179733139124e9,0.2065130350005138,7.481179733138339e9,0.20651303500050844
0.223045588752,7.481179733139125e9,0.2065130350005138,7.481179733138339e9,0.20651303500050844
0.22334538121000003,7.481179733139126e9,0.20651303500051382,7.481179733138339e9,0.20651303500050844
0.223645173668,7.481179733139127e9,0.20651303500051382,7.481179733138339e9,0.20651303500050844
0.22394496612599998,7.481179733139128e9,0.20651303500051382,7.481179733138339e9,0.20651303500050844
0.22424475858399998,7.48117973313913e9,0.20651303500051382,7.481179733138339e9,0.20651303500050844
0.224544551042,7.481179733139131e9,0.20651303500051382,7.481179733138339e9,0.20651303500050844
0.2248443435,7.481179733139132e9,0.20651303500051385,7.481179733138339e9,0.20651303500050844
0.225144135958,7.4811797331391325e9,0.20651303500051385,7.481179733138339e9,0.20651303500050844
0.225443928416,7.481179733139133e9,0.20651303500051388,7.481179733138339e9,0.20651303500050844
0.22574372087400002,7.481179733139135e9,0.20651303500051388,7.481179733138339e9,0.20651303500050844
0.226043513332,7.481179733139136e9,0.20651303500051388,7.481179733138339e9,0.20651303500050844
0.22634330579000003,7.481179733139137e9,0.20651303500051388,7.481179733138339e9,0.20651303500050844
0.22664309824799997,7.481179733139138e9,0.20651303500051388,7.481179733138339e9,0.20651303500050844
0.226942890706,7.481179733139139e9,0.2065130350005139,7.481179733138339e9,0.20651303500050844
0.22724268316399998,7.481179733139141e9,0.2065130350005139,7.481179733138339e9,0.20651303500050844
0.227542475622,7.481179733139142e9,0.2065130350005139,7.481179733138339e9,0.20651303500050844
0.22784226808,7.481179733139143e9,0.20651303500051393,7.481179733138339e9,0.20651303500050844
0.228142060538,7.481179733139144e9,0.20651303500051393,7.481179733138339e9,0.20651303500050844
0.228441852996,7.481179733139145e9,0.20651303500051393,7.481179733138339e9,0.20651303500050844
0.22874164545400003,7.481179733139147e9,0.20651303500051396,7.481179733138339e9,0.20651303500050844
0.22904143791200002,7.481179733139148e9,0.20651303500051396,7.481179733138339e9,0.20651303500050844
0.22934123037,7.481179733139149e9,0.20651303500051396,7.481179733138339e9,0.20651303500050844
0.22964102282799997,7.48117973313915e9,0.206513035000514,7.481179733138339e9,0.20651303500050844
0.229940815286,7.481179733139151e9,0.206513035000514,7.481179733138339e9,0.20651303500050844
0.230240607744,7.481179733139153e9,0.206513035000514,7.481179733138339e9,0.20651303500050844
0.23054040020199998,7.4811797331391535e9,0.206513035000514,7.481179733138339e9,0.20651303500050844
0.23084019266,7.481179733139154e9,0.20651303500051402,7.481179733138339e9,0.20651303500050844
0.231139985118,7.481179733139155e9,0.20651303500051402,7.481179733138339e9,0.20651303500050844
0.231439777576,7.481179733139156e9,0.20651303500051402,7.481179733138339e9,0.20651303500050844
0.231739570034,7.481179733139158e9,0.20651303500051404,7.481179733138339e9,0.20651303500050844
0.23203936249200002,7.481179733139159e9,0.20651303500051404,7.481179733138339e9,0.20651303500050844
0.23233915495000002,7.48117973313916e9,0.20651303500051404,7.481179733138339e9,0.20651303500050844
0.23263894740799998,7.481179733139161e9,0.20651303500051404,7.481179733138339e9,0.20651303500050844
0.23293873986599997,7.481179733139162e9,0.20651303500051407,7.481179733138339e9,0.20651303500050844
0.233238532324,7.481179733139164e9,0.20651303500051407,7.481179733138339e9,0.20651303500050844
0.23353832478199998,7.481179733139165e9,0.20651303500051407,7.481179733138339e9,0.20651303500050844
0.23383811724,7.481179733139166e9,0.20651303500051407,7.481179733138339e9,0.20651303500050844
0.234137909698,7.481179733139167e9,0.2065130350005141,7.481179733138339e9,0.20651303500050844
0.23443770215600002,7.481179733139168e9,0.2065130350005141,7.481179733138339e9,0.20651303500050844
0.234737494614,7.48117973313917e9,0.2065130350005141,7.481179733138339e9,0.20651303500050844
0.23503728707200003,7.481179733139171e9,0.20651303500051413,7.481179733138339e9,0.20651303500050844
0.23533707953000002,7.481179733139172e9,0.20651303500051413,7.481179733138339e9,0.20651303500050844
0.23563687198799999,7.481179733139173e9,0.20651303500051413,7.481179733138339e9,0.20651303500050844
0.23593666444599998,7.4811797331391735e9,0.20651303500051416,7.481179733138339e9,0.20651303500050844
0.236236456904,7.481179733139175e9,0.20651303500051416,7.481179733138339e9,0.20651303500050844
0.236536249362,7.481179733139176e9,0.20651303500051416,7.481179733138339e9,0.20651303500050844
0.23683604182,7.481179733139177e9,0.20651303500051416,7.481179733138339e9,0.20651303500050844
0.237135834278,7.481179733139178e9,0.20651303500051416,7.481179733138339e9,0.20651303500050844
0.237435626736,7.481179733139179e9,0.20651303500051418,7.481179733138339e9,0.20651303500050844
0.237735419194,7.481179733139181e9,0.20651303500051418,7.481179733138339e9,0.20651303500050844
0.238035211652,7.481179733139182e9,0.2065130350005142,7.481179733138339e9,0.20651303500050844
0.23833500411000003,7.481179733139183e9,0.2065130350005142,7.481179733138339e9,0.20651303500050844
0.23863479656799996,7.481179733139184e9,0.2065130350005142,7.481179733138339e9,0.20651303500050844
0.23893458902599998,7.481179733139185e9,0.2065130350005142,7.481179733138339e9,0.20651303500050844
0.23923438148399997,7.481179733139187e9,0.2065130350005142,7.481179733138339e9,0.20651303500050844
0.239534173942,7.481179733139188e9,0.20651303500051424,7.481179733138339e9,0.20651303500050844
0.2398339664,7.481179733139189e9,0.20651303500051424,7.481179733138339e9,0.20651303500050844
0.240133758858,7.48117973313919e9,0.20651303500051424,7.481179733138339e9,0.20651303500050844
0.240433551316,7.481179733139191e9,0.20651303500051427,7.481179733138339e9,0.20651303500050844
0.24073334377400002,7.481179733139193e9,0.20651303500051427,7.481179733138339e9,0.20651303500050844
0.241033136232,7.481179733139194e9,0.20651303500051427,7.481179733138339e9,0.20651303500050844
0.24133292869000003,7.4811797331391945e9,0.2065130350005143,7.481179733138339e9,0.20651303500050844
0.24163272114800002,7.481179733139195e9,0.2065130350005143,7.481179733138339e9,0.20651303500050844
0.241932513606,7.481179733139196e9,0.2065130350005143,7.481179733138339e9,0.20651303500050844
0.24223230606399998,7.481179733139198e9,0.2065130350005143,7.481179733138339e9,0.20651303500050844
0.242532098522,7.481179733139199e9,0.20651303500051432,7.481179733138339e9,0.20651303500050844
0.24283189098,7.4811797331392e9,0.20651303500051432,7.481179733138339e9,0.20651303500050844
0.243131683438,7.481179733139201e9,0.20651303500051432,7.481179733138339e9,0.20651303500050844
0.243431475896,7.481179733139202e9,0.20651303500051432,7.481179733138339e9,0.20651303500050844
0.243731268354,7.481179733139204e9,0.20651303500051432,7.481179733138339e9,0.20651303500050844
0.24403106081200002,7.481179733139205e9,0.20651303500051435,7.481179733138339e9,0.20651303500050844
0.24433085327,7.481179733139206e9,0.20651303500051435,7.481179733138339e9,0.20651303500050844
0.24463064572800003,7.481179733139207e9,0.20651303500051438,7.481179733138339e9,0.20651303500050844
0.24493043818599997,7.481179733139208e9,0.20651303500051438,7.481179733138339e9,0.20651303500050844
0.24523023064399999,7.48117973313921e9,0.20651303500051438,7.481179733138339e9,0.20651303500050844
0.24553002310199998,7.481179733139211e9,0.20651303500051438,7.481179733138339e9,0.20651303500050844
0.24582981556,7.481179733139212e9,0.2065130350005144,7.481179733138339e9,0.20651303500050844
0.246129608018,7.481179733139213e9,0.2065130350005144,7.481179733138339e9,0.20651303500050844
0.246429400476,7.481179733139214e9,0.2065130350005144,7.481179733138339e9,0.20651303500050844
0.246729192934,7.481179733139215e9,0.20651303500051443,7.481179733138339e9,0.20651303500050844
0.24702898539200002,7.481179733139216e9,0.20651303500051443,7.481179733138339e9,0.20651303500050844
0.24732877785000001,7.481179733139217e9,0.20651303500051443,7.481179733138339e9,0.20651303500050844
0.24762857030800003,7.481179733139218e9,0.20651303500051446,7.481179733138339e9,0.20651303500050844
0.24792836276599997,7.481179733139219e9,0.20651303500051446,7.481179733138339e9,0.20651303500050844
0.248228155224,7.481179733139221e9,0.20651303500051446,7.481179733138339e9,0.20651303500050844
0.24852794768199998,7.481179733139222e9,0.20651303500051446,7.481179733138339e9,0.20651303500050844
0.24882774014,7.481179733139223e9,0.2065130350005145,7.481179733138339e9,0.20651303500050844
0.249127532598,7.481179733139224e9,0.2065130350005145,7.481179733138339e9,0.20651303500050844
0.24942732505600002,7.481179733139225e9,0.2065130350005145,7.481179733138339e9,0.20651303500050844
0.249727117514,7.481179733139227e9,0.2065130350005145,7.481179733138339e9,0.20651303500050844
0.250026909972,7.481179733139228e9,0.2065130350005145,7.481179733138339e9,0.20651303500050844
0.25032670243,7.481179733139229e9,0.20651303500051452,7.481179733138339e9,0.20651303500050844
0.25062649488800004,7.48117973313923e9,0.20651303500051454,7.481179733138339e9,0.20651303500050844
0.250926287346,7.481179733139231e9,0.20651303500051454,7.481179733138339e9,0.20651303500050844
0.25122607980399997,7.481179733139233e9,0.20651303500051454,7.481179733138339e9,0.20651303500050844
0.25152587226199996,7.481179733139234e9,0.20651303500051454,7.481179733138339e9,0.20651303500050844
0.25182566472,7.481179733139235e9,0.20651303500051454,7.481179733138339e9,0.20651303500050844
0.252125457178,7.4811797331392355e9,0.20651303500051457,7.481179733138339e9,0.20651303500050844
0.252425249636,7.481179733139236e9,0.20651303500051457,7.481179733138339e9,0.20651303500050844
0.252725042094,7.481179733139238e9,0.2065130350005146,7.481179733138339e9,0.20651303500050844
0.25302483455200003,7.481179733139239e9,0.2065130350005146,7.481179733138339e9,0.20651303500050844
0.25332462701,7.48117973313924e9,0.2065130350005146,7.481179733138339e9,0.20651303500050844
0.253624419468,7.481179733139241e9,0.2065130350005146,7.481179733138339e9,0.20651303500050844
0.25392421192599995,7.481179733139242e9,0.2065130350005146,7.481179733138339e9,0.20651303500050844
0.254224004384,7.481179733139244e9,0.20651303500051463,7.481179733138339e9,0.20651303500050844
0.254523796842,7.481179733139245e9,0.20651303500051463,7.481179733138339e9,0.20651303500050844
0.2548235893,7.481179733139246e9,0.20651303500051463,7.481179733138339e9,0.20651303500050844
0.255123381758,7.481179733139247e9,0.20651303500051466,7.481179733138339e9,0.20651303500050844
0.255423174216,7.481179733139248e9,0.20651303500051466,7.481179733138339e9,0.20651303500050844
0.255722966674,7.48117973313925e9,0.20651303500051466,7.481179733138339e9,0.20651303500050844
0.256022759132,7.481179733139251e9,0.20651303500051466,7.481179733138339e9,0.20651303500050844
0.25632255159,7.481179733139252e9,0.20651303500051466,7.481179733138339e9,0.20651303500050844
0.256622344048,7.481179733139253e9,0.20651303500051468,7.481179733138339e9,0.20651303500050844
0.256922136506,7.481179733139254e9,0.2065130350005147,7.481179733138339e9,0.20651303500050844
0.257221928964,7.481179733139256e9,0.2065130350005147,7.481179733138339e9,0.20651303500050844
0.25752172142199997,7.4811797331392565e9,0.2065130350005147,7.481179733138339e9,0.20651303500050844
0.25782151387999996,7.481179733139257e9,0.2065130350005147,7.481179733138339e9,0.20651303500050844
0.258121306338,7.481179733139258e9,0.2065130350005147,7.481179733138339e9,0.20651303500050844
0.258421098796,7.481179733139259e9,0.20651303500051474,7.481179733138339e9,0.20651303500050844
0.258720891254,7.481179733139261e9,0.20651303500051474,7.481179733138339e9,0.20651303500050844
0.259020683712,7.481179733139262e9,0.20651303500051477,7.481179733138339e9,0.20651303500050844
0.25932047617000004,7.481179733139263e9,0.20651303500051477,7.481179733138339e9,0.20651303500050844
0.25962026862800003,7.481179733139264e9,0.20651303500051477,7.481179733138339e9,0.20651303500050844
0.25992006108599996,7.481179733139265e9,0.20651303500051477,7.481179733138339e9,0.20651303500050844
0.26021985354399996,7.481179733139267e9,0.20651303500051477,7.481179733138339e9,0.20651303500050844
0.260519646002,7.481179733139268e9,0.20651303500051477,7.481179733138339e9,0.20651303500050844
0.26081943846,7.481179733139269e9,0.2065130350005148,7.481179733138339e9,0.20651303500050844
0.261119230918,7.48117973313927e9,0.2065130350005148,7.481179733138339e9,0.20651303500050844
0.261419023376,7.481179733139271e9,0.20651303500051482,7.481179733138339e9,0.20651303500050844
0.26171881583400003,7.481179733139273e9,0.20651303500051482,7.481179733138339e9,0.20651303500050844
0.262018608292,7.481179733139274e9,0.20651303500051482,7.481179733138339e9,0.20651303500050844
0.26231840075,7.481179733139275e9,0.20651303500051482,7.481179733138339e9,0.20651303500050844
0.262618193208,7.481179733139276e9,0.20651303500051482,7.481179733138339e9,0.20651303500050844
0.262917985666,7.4811797331392765e9,0.20651303500051485,7.481179733138339e9,0.20651303500050844
0.263217778124,7.481179733139278e9,0.20651303500051488,7.481179733138339e9,0.20651303500050844
0.263517570582,7.481179733139279e9,0.20651303500051488,7.481179733138339e9,0.20651303500050844
0.26381736304,7.48117973313928e9,0.20651303500051488,7.481179733138339e9,0.20651303500050844
0.26411715549799997,7.481179733139281e9,0.20651303500051488,7.481179733138339e9,0.20651303500050844
0.264416947956,7.481179733139282e9,0.20651303500051488,7.481179733138339e9,0.20651303500050844
0.264716740414,7.481179733139284e9,0.2065130350005149,7.481179733138339e9,0.20651303500050844
0.265016532872,7.481179733139285e9,0.2065130350005149,7.481179733138339e9,0.20651303500050844
0.26531632533,7.481179733139286e9,0.20651303500051493,7.481179733138339e9,0.20651303500050844
0.26561611778800004,7.481179733139287e9,0.20651303500051493,7.481179733138339e9,0.20651303500050844
0.26591591024600003,7.481179733139288e9,0.20651303500051493,7.481179733138339e9,0.20651303500050844
0.26621570270399997,7.48117973313929e9,0.20651303500051493,7.481179733138339e9,0.20651303500050844
0.26651549516199996,7.481179733139291e9,0.20651303500051493,7.481179733138339e9,0.20651303500050844
0.26681528762,7.481179733139292e9,0.20651303500051493,7.481179733138339e9,0.20651303500050844
0.267115080078,7.481179733139293e9,0.20651303500051496,7.481179733138339e9,0.20651303500050844
0.267414872536,7.481179733139294e9,0.20651303500051496,7.481179733138339e9,0.20651303500050844
0.267714664994,7.481179733139296e9,0.206513035000515,7.481179733138339e9,0.20651303500050844
0.26801445745200003,7.481179733139297e9,0.206513035000515,7.481179733138339e9,0.20651303500050844
0.26831424991,7.4811797331392975e9,0.206513035000515,7.481179733138339e9,0.20651303500050844
0.268614042368,7.481179733139298e9,0.206513035000515,7.481179733138339e9,0.20651303500050844
0.268913834826,7.481179733139299e9,0.206513035000515,7.481179733138339e9,0.20651303500050844
0.269213627284,7.481179733139301e9,0.20651303500051502,7.481179733138339e9,0.20651303500050844
0.269513419742,7.481179733139302e9,0.20651303500051502,7.481179733138339e9,0.20651303500050844
0.2698132122,7.481179733139303e9,0.20651303500051502,7.481179733138339e9,0.20651303500050844
0.270113004658,7.481179733139304e9,0.20651303500051504,7.481179733138339e9,0.20651303500050844
0.270412797116,7.481179733139305e9,0.20651303500051504,7.481179733138339e9,0.20651303500050844
0.270712589574,7.481179733139307e9,0.20651303500051504,7.481179733138339e9,0.20651303500050844
0.271012382032,7.481179733139308e9,0.20651303500051504,7.481179733138339e9,0.20651303500050844
0.27131217449,7.481179733139309e9,0.20651303500051507,7.481179733138339e9,0.20651303500050844
0.271611966948,7.48117973313931e9,0.2065130350005151,7.481179733138339e9,0.20651303500050844
0.27191175940600004,7.481179733139311e9,0.2065130350005151,7.481179733138339e9,0.20651303500050844
0.272211551864,7.481179733139313e9,0.2065130350005151,7.481179733138339e9,0.20651303500050844
0.27251134432199997,7.481179733139314e9,0.2065130350005151,7.481179733138339e9,0.20651303500050844
0.27281113677999996,7.481179733139315e9,0.2065130350005151,7.481179733138339e9,0.20651303500050844
0.273110929238,7.481179733139316e9,0.20651303500051513,7.481179733138339e9,0.20651303500050844
0.273410721696,7.481179733139317e9,0.20651303500051513,7.481179733138339e9,0.20651303500050844
0.273710514154,7.481179733139318e9,0.20651303500051515,7.481179733138339e9,0.20651303500050844
0.274010306612,7.481179733139319e9,0.20651303500051515,7.481179733138339e9,0.20651303500050844
0.27431009907000004,7.48117973313932e9,0.20651303500051515,7.481179733138339e9,0.20651303500050844
0.274609891528,7.481179733139321e9,0.20651303500051515,7.481179733138339e9,0.20651303500050844
0.274909683986,7.481179733139322e9,0.20651303500051515,7.481179733138339e9,0.20651303500050844
0.27520947644399996,7.481179733139324e9,0.20651303500051518,7.481179733138339e9,0.20651303500050844
0.275509268902,7.481179733139325e9,0.20651303500051518,7.481179733138339e9,0.20651303500050844
0.27580906136,7.481179733139326e9,0.20651303500051518,7.481179733138339e9,0.20651303500050844
0.276108853818,7.481179733139327e9,0.20651303500051518,7.481179733138339e9,0.20651303500050844
0.276408646276,7.481179733139328e9,0.2065130350005152,7.481179733138339e9,0.20651303500050844
0.27670843873400003,7.48117973313933e9,0.2065130350005152,7.481179733138339e9,0.20651303500050844
0.277008231192,7.481179733139331e9,0.2065130350005152,7.481179733138339e9,0.20651303500050844
0.27730802365,7.481179733139332e9,0.2065130350005152,7.481179733138339e9,0.20651303500050844
0.277607816108,7.481179733139333e9,0.20651303500051524,7.481179733138339e9,0.20651303500050844
0.277907608566,7.481179733139334e9,0.20651303500051527,7.481179733138339e9,0.20651303500050844
0.278207401024,7.481179733139336e9,0.20651303500051527,7.481179733138339e9,0.20651303500050844
0.278507193482,7.481179733139337e9,0.20651303500051527,7.481179733138339e9,0.20651303500050844
0.27880698594,7.481179733139338e9,0.20651303500051527,7.481179733138339e9,0.20651303500050844
0.27910677839799997,7.4811797331393385e9,0.20651303500051527,7.481179733138339e9,0.20651303500050844
0.279406570856,7.481179733139339e9,0.2065130350005153,7.481179733138339e9,0.20651303500050844
0.279706363314,7.481179733139341e9,0.2065130350005153,7.481179733138339e9,0.20651303500050844
0.280006155772,7.481179733139342e9,0.2065130350005153,7.481179733138339e9,0.20651303500050844
0.28030594823,7.481179733139343e9,0.20651303500051532,7.481179733138339e9,0.20651303500050844
0.28060574068800004,7.481179733139344e9,0.20651303500051532,7.481179733138339e9,0.20651303500050844
0.28090553314600003,7.481179733139345e9,0.20651303500051532,7.481179733138339e9,0.20651303500050844
0.28120532560399997,7.481179733139347e9,0.20651303500051532,7.481179733138339e9,0.20651303500050844
0.28150511806199996,7.481179733139348e9,0.20651303500051532,7.481179733138339e9,0.20651303500050844
0.28180491052,7.481179733139349e9,0.20651303500051535,7.481179733138339e9,0.20651303500050844
0.282104702978,7.48117973313935e9,0.20651303500051535,7.481179733138339e9,0.20651303500050844
0.282404495436,7.481179733139351e9,0.20651303500051535,7.481179733138339e9,0.20651303500050844
0.282704287894,7.481179733139353e9,0.20651303500051538,7.481179733138339e9,0.20651303500050844
0.28300408035200003,7.481179733139354e9,0.20651303500051538,7.481179733138339e9,0.20651303500050844
0.28330387281,7.481179733139355e9,0.20651303500051538,7.481179733138339e9,0.20651303500050844
0.283603665268,7.481179733139356e9,0.20651303500051538,7.481179733138339e9,0.20651303500050844
0.283903457726,7.481179733139357e9,0.2065130350005154,7.481179733138339e9,0.20651303500050844
0.284203250184,7.4811797331393585e9,0.20651303500051543,7.481179733138339e9,0.20651303500050844
0.284503042642,7.481179733139359e9,0.20651303500051543,7.481179733138339e9,0.20651303500050844
0.2848028351,7.48117973313936e9,0.20651303500051543,7.481179733138339e9,0.20651303500050844
0.285102627558,7.481179733139361e9,0.20651303500051543,7.481179733138339e9,0.20651303500050844
0.28540242001599997,7.481179733139362e9,0.20651303500051543,7.481179733138339e9,0.20651303500050844
0.285702212474,7.481179733139364e9,0.20651303500051546,7.481179733138339e9,0.20651303500050844
0.286002004932,7.481179733139365e9,0.20651303500051546,7.481179733138339e9,0.20651303500050844
0.28630179739,7.481179733139366e9,0.20651303500051546,7.481179733138339e9,0.20651303500050844
0.286601589848,7.481179733139367e9,0.2065130350005155,7.481179733138339e9,0.20651303500050844
0.28690138230600004,7.481179733139368e9,0.2065130350005155,7.481179733138339e9,0.20651303500050844
0.28720117476400003,7.48117973313937e9,0.2065130350005155,7.481179733138339e9,0.20651303500050844
0.28750096722199997,7.481179733139371e9,0.2065130350005155,7.481179733138339e9,0.20651303500050844
0.28780075967999996,7.481179733139372e9,0.2065130350005155,7.481179733138339e9,0.20651303500050844
0.288100552138,7.481179733139373e9,0.20651303500051552,7.481179733138339e9,0.20651303500050844
0.288400344596,7.481179733139374e9,0.20651303500051552,7.481179733138339e9,0.20651303500050844
0.288700137054,7.481179733139376e9,0.20651303500051552,7.481179733138339e9,0.20651303500050844
0.288999929512,7.481179733139377e9,0.20651303500051554,7.481179733138339e9,0.20651303500050844
0.28929972197000003,7.481179733139378e9,0.20651303500051554,7.481179733138339e9,0.20651303500050844
0.289599514428,7.481179733139379e9,0.20651303500051554,7.481179733138339e9,0.20651303500050844
0.289899306886,7.4811797331393795e9,0.20651303500051554,7.481179733138339e9,0.20651303500050844
0.290199099344,7.481179733139381e9,0.20651303500051557,7.481179733138339e9,0.20651303500050844
0.290498891802,7.481179733139382e9,0.20651303500051557,7.481179733138339e9,0.20651303500050844
0.29079868426,7.481179733139383e9,0.2065130350005156,7.481179733138339e9,0.20651303500050844
0.291098476718,7.481179733139384e9,0.2065130350005156,7.481179733138339e9,0.20651303500050844
0.291398269176,7.481179733139385e9,0.2065130350005156,7.481179733138339e9,0.20651303500050844
0.29169806163399997,7.481179733139387e9,0.2065130350005156,7.481179733138339e9,0.20651303500050844
0.291997854092,7.481179733139388e9,0.20651303500051563,7.481179733138339e9,0.20651303500050844
0.29229764655,7.481179733139389e9,0.20651303500051563,7.481179733138339e9,0.20651303500050844
0.292597439008,7.48117973313939e9,0.20651303500051563,7.481179733138339e9,0.20651303500050844
0.292897231466,7.481179733139391e9,0.20651303500051565,7.481179733138339e9,0.20651303500050844
0.29319702392400004,7.481179733139393e9,0.20651303500051565,7.481179733138339e9,0.20651303500050844
0.293496816382,7.481179733139394e9,0.20651303500051565,7.481179733138339e9,0.20651303500050844
0.29379660884,7.481179733139395e9,0.20651303500051565,7.481179733138339e9,0.20651303500050844
0.29409640129799997,7.481179733139396e9,0.20651303500051568,7.481179733138339e9,0.20651303500050844
0.294396193756,7.481179733139397e9,0.20651303500051568,7.481179733138339e9,0.20651303500050844
0.294695986214,7.481179733139399e9,0.2065130350005157,7.481179733138339e9,0.20651303500050844
0.294995778672,7.4811797331394e9,0.2065130350005157,7.481179733138339e9,0.20651303500050844
0.29529557113,7.4811797331394005e9,0.2065130350005157,7.481179733138339e9,0.20651303500050844
0.29559536358800004,7.481179733139401e9,0.2065130350005157,7.481179733138339e9,0.20651303500050844
0.29589515604600003,7.481179733139402e9,0.2065130350005157,7.481179733138339e9,0.20651303500050844
0.296194948504,7.481179733139404e9,0.2065130350005157,7.481179733138339e9,0.20651303500050844
0.29649474096199996,7.481179733139405e9,0.20651303500051574,7.481179733138339e9,0.20651303500050844
0.29679453342,7.481179733139406e9,0.20651303500051574,7.481179733138339e9,0.20651303500050844
0.297094325878,7.481179733139407e9,0.20651303500051577,7.481179733138339e9,0.20651303500050844
0.297394118336,7.481179733139408e9,0.20651303500051577,7.481179733138339e9,0.20651303500050844
0.297693910794,7.48117973313941e9,0.20651303500051577,7.481179733138339e9,0.20651303500050844
0.297993703252,7.481179733139411e9,0.20651303500051577,7.481179733138339e9,0.20651303500050844
0.29829349571,7.481179733139412e9,0.20651303500051577,7.481179733138339e9,0.20651303500050844
0.298593288168,7.481179733139413e9,0.2065130350005158,7.481179733138339e9,0.20651303500050844
0.298893080626,7.481179733139414e9,0.2065130350005158,7.481179733138339e9,0.20651303500050844
0.299192873084,7.481179733139416e9,0.20651303500051582,7.481179733138339e9,0.20651303500050844
0.299492665542,7.481179733139417e9,0.20651303500051582,7.481179733138339e9,0.20651303500050844
0.299792458,7.481179733139418e9,0.20651303500051582,7.481179733138339e9,0.20651303500050844
